sweep_id,rep,n,p,sigma,estimator,lambda,kappa,ISE,OpErr,OpErr2,RMSE,DiscErr,cell_label
3,0,20,40,0.1935873133509986,ols,0.0,4.890272717501651e+18,11.496922953123777,0.24818666661606534,0.06159662148599396,0.31513567847703033,0.00020979797736609603,"p=40,n=p/2"
3,1,20,40,0.1935873133509986,ols,0.0,1.0758496239257657e+19,8.716920875828597,0.24383037573094674,0.059453252129094664,0.3104020791651096,0.00021482762885779413,"p=40,n=p/2"
3,2,20,40,0.1935873133509986,ols,0.0,1.7562157835735695e+18,11.423439867571766,0.29205325097990154,0.08529510140792936,0.35089105160537293,0.0002141960212993802,"p=40,n=p/2"
3,3,20,40,0.1935873133509986,ols,0.0,2.95828289605558e+19,16.199760199103743,0.2862980762656143,0.08196658847339151,0.3463555478759188,0.00021167085380280386,"p=40,n=p/2"
3,4,20,40,0.1935873133509986,ols,0.0,1.6073973168544832e+18,10.825021207896276,0.26514784878650993,0.07030338171611394,0.32646038105753916,0.0002164292297524241,"p=40,n=p/2"
3,5,20,40,0.1935873133509986,ols,0.0,1.525628317434398e+18,10.06827521397264,0.2659938345348127,0.0707527200105333,0.3294390604154657,0.00021882272732234393,"p=40,n=p/2"
3,6,20,40,0.1935873133509986,ols,0.0,2.081844631897648e+18,12.483557391182739,0.25588715431133713,0.06547823574155405,0.32013281880899713,0.00020980899770194346,"p=40,n=p/2"
3,7,20,40,0.1935873133509986,ols,0.0,1.8103867679737167e+18,11.38893734273955,0.2640875797518193,0.06974224977917352,0.32855059107107154,0.0002119306559433231,"p=40,n=p/2"
3,8,20,40,0.1935873133509986,ols,0.0,2.3078673108841476e+19,10.051902665396348,0.2543624688825229,0.06470026557601243,0.31840136977043765,0.00021984462066230992,"p=40,n=p/2"
3,9,20,40,0.1935873133509986,ols,0.0,4.0047466593378586e+18,10.146355424041541,0.24487884537381988,0.05996564891161519,0.312091156092584,0.00021320356176704212,"p=40,n=p/2"
3,10,20,40,0.1935873133509986,ols,0.0,6.289140960745937e+18,11.316258769995716,0.25337685688388223,0.06419983160435534,0.3176545770790474,0.00021217721032564473,"p=40,n=p/2"
3,11,20,40,0.1935873133509986,ols,0.0,3.7119927598209434e+18,9.37909558310219,0.24230927273819056,0.05871378365491082,0.3104920383938228,0.0002084545699088991,"p=40,n=p/2"
3,12,20,40,0.1935873133509986,ols,0.0,1.6947586853164347e+18,13.208044656562384,0.3047005316101232,0.0928424139634917,0.3616578252251217,0.00021332674841770586,"p=40,n=p/2"
3,13,20,40,0.1935873133509986,ols,0.0,1.0296588236551855e+18,11.098077598224346,0.2566159153130108,0.06585172799193433,0.3207479383175723,0.00021518806673830957,"p=40,n=p/2"
3,14,20,40,0.1935873133509986,ols,0.0,5.951892013746798e+17,9.257893311131577,0.2515873774348943,0.06329620848456796,0.3171876399088022,0.00022116636734057087,"p=40,n=p/2"
3,15,20,40,0.1935873133509986,ols,0.0,1.77271352455844e+18,12.351584089148375,0.25423651860779956,0.06463620739381401,0.32078808317214147,0.00021539864554577246,"p=40,n=p/2"
3,16,20,40,0.1935873133509986,ols,0.0,8.41323462014836e+17,10.410634659671674,0.2631815590071145,0.06926453300141529,0.3285569396393249,0.00022193070048346167,"p=40,n=p/2"
3,17,20,40,0.1935873133509986,ols,0.0,7.419711390037524e+18,9.633700651743432,0.2547629544906993,0.06490416298083011,0.3184568458165374,0.00022028557462211695,"p=40,n=p/2"
3,18,20,40,0.1935873133509986,ols,0.0,6.938155057581353e+17,11.514321492531225,0.28378453874934073,0.08053366443317607,0.3422171052896749,0.00022531665857985464,"p=40,n=p/2"
3,19,20,40,0.1935873133509986,ols,0.0,3.5641789427210445e+18,10.88017679523001,0.2657518004388569,0.07062401943649402,0.32911569027422094,0.0002215478536903668,"p=40,n=p/2"
3,20,20,40,0.1935873133509986,ols,0.0,2.758699023245881e+18,9.199982746217067,0.23546638947831278,0.055444420573952484,0.30455591008481714,0.00022644835128438184,"p=40,n=p/2"
3,21,20,40,0.1935873133509986,ols,0.0,9.862340358382478e+17,10.79057523543567,0.236356278975859,0.05586429061131409,0.30735323468813325,0.0002203573520495781,"p=40,n=p/2"
3,22,20,40,0.1935873133509986,ols,0.0,9.913427128235682e+18,11.221551709813493,0.23988851864725816,0.05754650137877592,0.3080071416978584,0.0002187118718866087,"p=40,n=p/2"
3,23,20,40,0.1935873133509986,ols,0.0,4.2616576443473756e+18,10.004977300449685,0.23867927810162304,0.056967797795111914,0.3063352337905564,0.00021643308989418493,"p=40,n=p/2"
3,24,20,40,0.1935873133509986,ols,0.0,1.0690975475956031e+18,9.65305624550553,0.24329467286523768,0.059192297844603024,0.30917525216694325,0.00021712442992670867,"p=40,n=p/2"
3,25,20,40,0.1935873133509986,ols,0.0,1.9801480479226035e+18,11.688406541720454,0.2590784201109414,0.06712162776718145,0.3217926577101326,0.00022074983189995085,"p=40,n=p/2"
3,26,20,40,0.1935873133509986,ols,0.0,4.691195435208627e+18,12.482075456134789,0.2543109894653838,0.06467407936286253,0.3179208015006244,0.00022309899146652956,"p=40,n=p/2"
3,27,20,40,0.1935873133509986,ols,0.0,2.1977153995505213e+18,11.184399182952172,0.25772027875775677,0.06641974208297585,0.32268577959731587,0.00021831765737318073,"p=40,n=p/2"
3,28,20,40,0.1935873133509986,ols,0.0,1.6987621231028818e+18,12.936629085548356,0.2680955654161027,0.0718752321957798,0.3325450127828537,0.00020569540415113036,"p=40,n=p/2"
3,29,20,40,0.1935873133509986,ols,0.0,7.136152034045996e+18,11.351825075346964,0.2629044376470967,0.06911874333453616,0.3245060587772035,0.0002146527773678569,"p=40,n=p/2"
3,30,20,40,0.1935873133509986,ols,0.0,7.366092095808806e+18,9.438869979934745,0.2556602494910061,0.06536216316980346,0.3204647861361849,0.0002202316681805607,"p=40,n=p/2"
3,31,20,40,0.1935873133509986,ols,0.0,1.562353841971035e+18,12.49136052241155,0.2721129284088896,0.0740454458072615,0.3321721124715594,0.00021267696134925933,"p=40,n=p/2"
3,32,20,40,0.1935873133509986,ols,0.0,2.2551215904044736e+18,10.683023695754231,0.253253197721176,0.06413718215600106,0.3191100445084115,0.0002200194474810037,"p=40,n=p/2"
3,33,20,40,0.1935873133509986,ols,0.0,3.353986846036669e+18,9.941360703118697,0.24262368619037042,0.05886625310060334,0.31007404832538293,0.00019826533238491477,"p=40,n=p/2"
3,34,20,40,0.1935873133509986,ols,0.0,1.712156516196792e+18,9.754478436806655,0.2803589660820562,0.07860114986259953,0.33881417621044535,0.00020589326935638438,"p=40,n=p/2"
3,35,20,40,0.1935873133509986,ols,0.0,2.239243642761456e+18,10.516388417835069,0.23202228261161817,0.05383433962830561,0.30306724882059277,0.00021723475043058187,"p=40,n=p/2"
3,36,20,40,0.1935873133509986,ols,0.0,7.2616971132758245e+19,11.161653433383046,0.260728766474726,0.0679794896674322,0.3254166407888643,0.00021680581623121509,"p=40,n=p/2"
3,37,20,40,0.1935873133509986,ols,0.0,1.1630408218068114e+18,11.208243985941602,0.26520094347322604,0.07033154041908922,0.32969334864629835,0.00021264850555804949,"p=40,n=p/2"
3,38,20,40,0.1935873133509986,ols,0.0,1.19166290316942e+18,12.800323820150588,0.23168706833437258,0.05367889763337623,0.30338068781525435,0.00021114677009699635,"p=40,n=p/2"
3,39,20,40,0.1935873133509986,ols,0.0,6.140432884402995e+18,9.17990925586955,0.2243008406022256,0.05031086709486502,0.2969738749327559,0.00021952296232697634,"p=40,n=p/2"
3,40,20,40,0.1935873133509986,ols,0.0,2.863590742832722e+19,10.783903032698468,0.27180282232290065,0.0738767742226943,0.3340556779403801,0.0002083114523531492,"p=40,n=p/2"
3,41,20,40,0.1935873133509986,ols,0.0,4.20524352866077e+19,13.319170057032613,0.26928238268608856,0.07251300162509705,0.3315938588626497,0.0002090790456617666,"p=40,n=p/2"
3,42,20,40,0.1935873133509986,ols,0.0,2.695961580025293e+18,7.087690083555897,0.21931278731502088,0.048098098679883586,0.29115207977701896,0.00020565198477995395,"p=40,n=p/2"
3,43,20,40,0.1935873133509986,ols,0.0,6.487136809124346e+18,9.645818033357433,0.25280238803099114,0.0639090473941718,0.31861636673482246,0.00022922255254386652,"p=40,n=p/2"
3,44,20,40,0.1935873133509986,ols,0.0,1.9832030582924792e+18,12.461844774460975,0.2601406199459177,0.0676731421458464,0.3240628953885118,0.00021995889437056851,"p=40,n=p/2"
3,45,20,40,0.1935873133509986,ols,0.0,2.1991708788908774e+18,9.577966915464549,0.2608058386493434,0.06801968547358736,0.32479142330250727,0.0002197634571715658,"p=40,n=p/2"
3,46,20,40,0.1935873133509986,ols,0.0,2.1289951986243766e+18,12.530537242346893,0.2514671876185867,0.0632357464488015,0.3191983301183275,0.0002112138108225282,"p=40,n=p/2"
3,47,20,40,0.1935873133509986,ols,0.0,2.418951587175185e+18,9.753948115531841,0.25673571469407847,0.06591322719947926,0.3215499929967746,0.00022829587765996805,"p=40,n=p/2"
3,48,20,40,0.1935873133509986,ols,0.0,3.0606597920999723e+19,9.722396586661848,0.24226390597620484,0.058691800138847415,0.3085030280135832,0.00021983528904855987,"p=40,n=p/2"
3,49,20,40,0.1935873133509986,ols,0.0,8.420976307205592e+18,13.243699397595671,0.274740321599527,0.07548224431261151,0.3337894825032867,0.0002193615436223291,"p=40,n=p/2"
3,0,20,40,0.1935873133509986,ridge,0.46415888336127725,4.890272717501651e+18,0.2560144924023819,0.0985866356418336,0.009719324727175656,0.21666681273102706,0.00020979797736609603,"p=40,n=p/2"
3,1,20,40,0.1935873133509986,ridge,0.46415888336127725,1.0758496239257657e+19,0.2728683098512705,0.10238452168855883,0.010482590281394973,0.2182076266816828,0.00021482762885779413,"p=40,n=p/2"
3,2,20,40,0.1935873133509986,ridge,1.0,1.7562157835735695e+18,0.1465339160106985,0.11713418536785901,0.013720417381791956,0.22659185765727338,0.0002141960212993802,"p=40,n=p/2"
3,3,20,40,0.1935873133509986,ridge,1.0,2.95828289605558e+19,0.13541549548295084,0.10985126005296629,0.012067299335224428,0.22475332298789225,0.00021167085380280386,"p=40,n=p/2"
3,4,20,40,0.1935873133509986,ridge,0.46415888336127725,1.6073973168544832e+18,0.2702524836127144,0.110242618419243,0.012153434915930815,0.22227661799863632,0.0002164292297524241,"p=40,n=p/2"
3,5,20,40,0.1935873133509986,ridge,0.46415888336127725,1.525628317434398e+18,0.24998381931677632,0.11524804054102432,0.013282110848545586,0.22545264359342407,0.00021882272732234393,"p=40,n=p/2"
3,6,20,40,0.1935873133509986,ridge,1.0,2.081844631897648e+18,0.10979038684461888,0.08287105929255952,0.006867612468270915,0.21119503881816265,0.00020980899770194346,"p=40,n=p/2"
3,7,20,40,0.1935873133509986,ridge,0.46415888336127725,1.8103867679737167e+18,0.26781254580060676,0.10818133419521432,0.011703201068256647,0.22137657127125163,0.0002119306559433231,"p=40,n=p/2"
3,8,20,40,0.1935873133509986,ridge,1.0,2.3078673108841476e+19,0.11445310466304714,0.08664265309735314,0.007506949335748277,0.21235684150175366,0.00021984462066230992,"p=40,n=p/2"
3,9,20,40,0.1935873133509986,ridge,1.0,4.0047466593378586e+18,0.1065459398269594,0.08376292934405553,0.00701622833229724,0.20989638017692572,0.00021320356176704212,"p=40,n=p/2"
3,10,20,40,0.1935873133509986,ridge,1.0,6.289140960745937e+18,0.10976376291394406,0.09380985141855867,0.008800288223172054,0.21386773123114836,0.00021217721032564473,"p=40,n=p/2"
3,11,20,40,0.1935873133509986,ridge,0.46415888336127725,3.7119927598209434e+18,0.2273771292336915,0.09149839033781358,0.008371955434410898,0.2140281753849408,0.0002084545699088991,"p=40,n=p/2"
3,12,20,40,0.1935873133509986,ridge,1.0,1.6947586853164347e+18,0.11180522310086083,0.0996664945564443,0.009933410137169741,0.21774433282456293,0.00021332674841770586,"p=40,n=p/2"
3,13,20,40,0.1935873133509986,ridge,0.46415888336127725,1.0296588236551855e+18,0.23278134817988222,0.09434873259095143,0.00890168334151886,0.21662591302377054,0.00021518806673830957,"p=40,n=p/2"
3,14,20,40,0.1935873133509986,ridge,1.0,5.951892013746798e+17,0.1143788817220045,0.08841053615805973,0.007816422903755588,0.21324528652164756,0.00022116636734057087,"p=40,n=p/2"
3,15,20,40,0.1935873133509986,ridge,0.46415888336127725,1.77271352455844e+18,0.2300922192442192,0.10528307446863369,0.011084525769567867,0.22129196881384078,0.00021539864554577246,"p=40,n=p/2"
3,16,20,40,0.1935873133509986,ridge,1.0,8.41323462014836e+17,0.12949837966721256,0.10090588622706012,0.010181997875268401,0.21890173411893124,0.00022193070048346167,"p=40,n=p/2"
3,17,20,40,0.1935873133509986,ridge,0.46415888336127725,7.419711390037524e+18,0.24476806489881625,0.096038379606322,0.009223370357408004,0.21353388263140327,0.00022028557462211695,"p=40,n=p/2"
3,18,20,40,0.1935873133509986,ridge,0.46415888336127725,6.938155057581353e+17,0.22240113167713957,0.09626739453729843,0.009267411250999875,0.2152450877695005,0.00022531665857985464,"p=40,n=p/2"
3,19,20,40,0.1935873133509986,ridge,0.46415888336127725,3.5641789427210445e+18,0.20465428409728173,0.1002943743883225,0.010058961533945001,0.21818291069003737,0.0002215478536903668,"p=40,n=p/2"
3,20,20,40,0.1935873133509986,ridge,1.0,2.758699023245881e+18,0.09324546828042475,0.08255078400942704,0.006814631940571077,0.20998915961885314,0.00022644835128438184,"p=40,n=p/2"
3,21,20,40,0.1935873133509986,ridge,0.46415888336127725,9.862340358382478e+17,0.22492258493293918,0.08853360435602181,0.007838199100268603,0.21361461144862495,0.0002203573520495781,"p=40,n=p/2"
3,22,20,40,0.1935873133509986,ridge,1.0,9.913427128235682e+18,0.12521656763473513,0.1021751795924598,0.010439767324751412,0.21909836868527188,0.0002187118718866087,"p=40,n=p/2"
3,23,20,40,0.1935873133509986,ridge,0.46415888336127725,4.2616576443473756e+18,0.24947738826219065,0.10247977926606057,0.010502105158420497,0.21784526993622247,0.00021643308989418493,"p=40,n=p/2"
3,24,20,40,0.1935873133509986,ridge,0.46415888336127725,1.0690975475956031e+18,0.22479216207084962,0.10071218604279854,0.010142944417519265,0.21778000568283223,0.00021712442992670867,"p=40,n=p/2"
3,25,20,40,0.1935873133509986,ridge,1.0,1.9801480479226035e+18,0.10461161161897571,0.0864454416263427,0.007472814377973424,0.2107532148319292,0.00022074983189995085,"p=40,n=p/2"
3,26,20,40,0.1935873133509986,ridge,1.0,4.691195435208627e+18,0.09969416224226517,0.0893459333213,0.007982695801054186,0.21150374119934634,0.00022309899146652956,"p=40,n=p/2"
3,27,20,40,0.1935873133509986,ridge,1.0,2.1977153995505213e+18,0.11561246906915136,0.09926892378901869,0.009854319230230002,0.21695999904335206,0.00021831765737318073,"p=40,n=p/2"
3,28,20,40,0.1935873133509986,ridge,1.0,1.6987621231028818e+18,0.12367175830680668,0.09768417403337434,0.009542197856582566,0.21853254064190994,0.00020569540415113036,"p=40,n=p/2"
3,29,20,40,0.1935873133509986,ridge,0.46415888336127725,7.136152034045996e+18,0.2524658169001649,0.11139936709660844,0.012409818989524929,0.22276453216878334,0.0002146527773678569,"p=40,n=p/2"
3,30,20,40,0.1935873133509986,ridge,0.46415888336127725,7.366092095808806e+18,0.25010284545381123,0.09755155923543377,0.009516306709264344,0.21708044637827867,0.0002202316681805607,"p=40,n=p/2"
3,31,20,40,0.1935873133509986,ridge,0.46415888336127725,1.562353841971035e+18,0.22568278222145566,0.10267364375679129,0.010541877122296487,0.21710669099684143,0.00021267696134925933,"p=40,n=p/2"
3,32,20,40,0.1935873133509986,ridge,1.0,2.2551215904044736e+18,0.13298595942341568,0.11506883450212572,0.0132408366736776,0.22684074880286575,0.0002200194474810037,"p=40,n=p/2"
3,33,20,40,0.1935873133509986,ridge,1.0,3.353986846036669e+18,0.13798577755342506,0.10679500429271659,0.011405172941881354,0.22071862686348132,0.00019826533238491477,"p=40,n=p/2"
3,34,20,40,0.1935873133509986,ridge,0.46415888336127725,1.712156516196792e+18,0.26288589808117296,0.11459176471948575,0.01313127254152598,0.22356387530419583,0.00020589326935638438,"p=40,n=p/2"
3,35,20,40,0.1935873133509986,ridge,0.46415888336127725,2.239243642761456e+18,0.20125564918985206,0.10051900369728452,0.0101040701042947,0.2183679565148999,0.00021723475043058187,"p=40,n=p/2"
3,36,20,40,0.1935873133509986,ridge,0.46415888336127725,7.2616971132758245e+19,0.22287439547943927,0.09132953077052636,0.008341083190764521,0.2158775116090373,0.00021680581623121509,"p=40,n=p/2"
3,37,20,40,0.1935873133509986,ridge,0.46415888336127725,1.1630408218068114e+18,0.23659572548436045,0.09578128043573562,0.00917405368190903,0.21704795564749862,0.00021264850555804949,"p=40,n=p/2"
3,38,20,40,0.1935873133509986,ridge,1.0,1.19166290316942e+18,0.09682992262266488,0.07645126557935134,0.00584479600868451,0.20908941634852476,0.00021114677009699635,"p=40,n=p/2"
3,39,20,40,0.1935873133509986,ridge,0.46415888336127725,6.140432884402995e+18,0.24896655836534298,0.10481071306827731,0.010985285573880758,0.22161944050467647,0.00021952296232697634,"p=40,n=p/2"
3,40,20,40,0.1935873133509986,ridge,0.46415888336127725,2.863590742832722e+19,0.2584924005102167,0.10506322844509178,0.011038281971305543,0.21935426916059897,0.0002083114523531492,"p=40,n=p/2"
3,41,20,40,0.1935873133509986,ridge,1.0,4.20524352866077e+19,0.09588377634855055,0.09641760383431504,0.009296354329150922,0.21665961365765987,0.0002090790456617666,"p=40,n=p/2"
3,42,20,40,0.1935873133509986,ridge,0.46415888336127725,2.695961580025293e+18,0.23415752624890196,0.0814587993570332,0.006635535992689392,0.20897674046233036,0.00020565198477995395,"p=40,n=p/2"
3,43,20,40,0.1935873133509986,ridge,1.0,6.487136809124346e+18,0.12452191131976809,0.10080218941426904,0.010161081390710171,0.2184783197389837,0.00022922255254386652,"p=40,n=p/2"
3,44,20,40,0.1935873133509986,ridge,0.46415888336127725,1.9832030582924792e+18,0.21253369986807186,0.08581506959994202,0.007364226170442893,0.21148825717230202,0.00021995889437056851,"p=40,n=p/2"
3,45,20,40,0.1935873133509986,ridge,0.46415888336127725,2.1991708788908774e+18,0.26935156181991415,0.10876825272404787,0.011830532800642349,0.2224498833826402,0.0002197634571715658,"p=40,n=p/2"
3,46,20,40,0.1935873133509986,ridge,1.0,2.1289951986243766e+18,0.10469522434256011,0.08747527219760468,0.0076519232460450295,0.2121616806333037,0.0002112138108225282,"p=40,n=p/2"
3,47,20,40,0.1935873133509986,ridge,0.46415888336127725,2.418951587175185e+18,0.20912133472090982,0.08881110961809362,0.00788741319159704,0.21384903761985202,0.00022829587765996805,"p=40,n=p/2"
3,48,20,40,0.1935873133509986,ridge,1.0,3.0606597920999723e+19,0.10998938569144895,0.09078831081214586,0.0082425173801228,0.21308641049315646,0.00021983528904855987,"p=40,n=p/2"
3,49,20,40,0.1935873133509986,ridge,0.46415888336127725,8.420976307205592e+18,0.2532435648863093,0.11172469358874018,0.01248240715749788,0.22169221092146943,0.0002193615436223291,"p=40,n=p/2"
3,0,40,40,0.1935873133509986,ols,0.0,6931541.72792839,4338.525311050366,3.244333249995207,10.525698237024463,3.251438443459002,0.00020727577202375334,"p=40,n=p"
3,1,40,40,0.1935873133509986,ols,0.0,169261266.6927741,148854.32448092094,17.97562301577675,323.1230228053228,17.976599191506484,0.00021630164902152287,"p=40,n=p"
3,2,40,40,0.1935873133509986,ols,0.0,2330325.9020204884,2615.8612646341444,2.3964338545256987,5.742895219116897,2.4053701138514336,0.00021003695181225697,"p=40,n=p"
3,3,40,40,0.1935873133509986,ols,0.0,752539.8916411867,1157.214249473544,1.557638736848854,2.4262384345320935,1.571520679090869,0.00021506117946648736,"p=40,n=p"
3,4,40,40,0.1935873133509986,ols,0.0,974459.9218666595,1100.6547488644446,1.6609748878725046,2.758837578143079,1.672501336321306,0.00022039688937188013,"p=40,n=p"
3,5,40,40,0.1935873133509986,ols,0.0,4524699.133935005,7067.6504256497,3.6879395532152053,13.600898148169168,3.690268499994837,0.00022084225503114918,"p=40,n=p"
3,6,40,40,0.1935873133509986,ols,0.0,9375317.514256457,8753.990114785453,4.115622189422991,16.938346006070898,4.1197457680321765,0.00020515245755647015,"p=40,n=p"
3,7,40,40,0.1935873133509986,ols,0.0,2002216.0457267803,2892.54521432615,2.7373792729674395,7.493245284071748,2.7434283924998906,0.00021255074549989797,"p=40,n=p"
3,8,40,40,0.1935873133509986,ols,0.0,196121.8194496022,502.08603269303865,1.011684353796938,1.023505231717528,1.0298497931086787,0.0002167382367337118,"p=40,n=p"
3,9,40,40,0.1935873133509986,ols,0.0,146834361.91946906,99513.2306871256,16.243632713665267,263.8556037364565,16.246814856814584,0.00021061366190738522,"p=40,n=p"
3,10,40,40,0.1935873133509986,ols,0.0,1244831.748595613,1791.0387228475308,2.145716213399361,4.604098068444892,2.156274388866744,0.00021310623550101074,"p=40,n=p"
3,11,40,40,0.1935873133509986,ols,0.0,460617.89758781774,734.4481974989725,1.3016348217500548,1.694253209192297,1.3171097216341205,0.0002065352377442299,"p=40,n=p"
3,12,40,40,0.1935873133509986,ols,0.0,7226724.284881846,10647.955695810066,4.833434191457283,23.362086083148323,4.836732169074349,0.00021286699874599718,"p=40,n=p"
3,13,40,40,0.1935873133509986,ols,0.0,8427093.62459523,6682.748150477106,4.278142803357745,18.302505845921665,4.28346055578643,0.00021535634668425245,"p=40,n=p"
3,14,40,40,0.1935873133509986,ols,0.0,273964.159297446,474.26609821580104,1.065072272915776,1.134378946533977,1.0817652788298444,0.00022202229348476028,"p=40,n=p"
3,15,40,40,0.1935873133509986,ols,0.0,4019314.5879219864,5786.4943743386375,3.465914333121153,12.012562164534648,3.470609704426881,0.00021103930417712204,"p=40,n=p"
3,16,40,40,0.1935873133509986,ols,0.0,9581507.936298193,10803.389155774086,4.653378364910026,21.653930207012703,4.658489509950215,0.0002220241167314422,"p=40,n=p"
3,17,40,40,0.1935873133509986,ols,0.0,3983322.8567196117,3221.852500349084,2.647504884041037,7.009282111021144,2.654222841859946,0.0002203703306444243,"p=40,n=p"
3,18,40,40,0.1935873133509986,ols,0.0,124341411.66980782,92970.69014341458,13.885064676039287,192.795021057794,13.88825252088767,0.00022234197509516052,"p=40,n=p"
3,19,40,40,0.1935873133509986,ols,0.0,896557.8927921688,1479.960135533149,1.8281112991579733,3.341990922109053,1.8383568555661043,0.00022065230820405855,"p=40,n=p"
3,20,40,40,0.1935873133509986,ols,0.0,2122751.891743936,2083.6967033334186,2.162699323383795,4.677268363364723,2.1727031100348437,0.00022706387178380409,"p=40,n=p"
3,21,40,40,0.1935873133509986,ols,0.0,2181349.6371953837,3367.962777776546,2.739134614794638,7.50285843796617,2.744867470709038,0.0002214672386298622,"p=40,n=p"
3,22,40,40,0.1935873133509986,ols,0.0,457631.1503277141,682.9556210481645,1.2630203709506345,1.5952204574362783,1.2786872737053627,0.0002223958230949013,"p=40,n=p"
3,23,40,40,0.1935873133509986,ols,0.0,941482.340768694,1230.604380810043,1.5557625696463162,2.420397173112509,1.5691487766973067,0.00021541736449092025,"p=40,n=p"
3,24,40,40,0.1935873133509986,ols,0.0,1253079.057322528,1485.6172188709286,1.5889949079141374,2.524904817377058,1.59833531905993,0.0002122591237142717,"p=40,n=p"
3,25,40,40,0.1935873133509986,ols,0.0,47683285.19591395,32523.226475708118,8.454861331613255,71.48468013680906,8.458997812391468,0.00022219071199380854,"p=40,n=p"
3,26,40,40,0.1935873133509986,ols,0.0,2064617.366683758,1656.4283631811224,1.9600473927652364,3.841785781885801,1.967584302245957,0.00022120577059140672,"p=40,n=p"
3,27,40,40,0.1935873133509986,ols,0.0,4356243.579028642,6444.611518890721,3.7151483271775247,13.80232709292996,3.7201528691562324,0.00021747633854264856,"p=40,n=p"
3,28,40,40,0.1935873133509986,ols,0.0,4755892.60540753,2636.2518908800675,2.795397189202452,7.814245445400968,2.8001212597786562,0.00020422081942173033,"p=40,n=p"
3,29,40,40,0.1935873133509986,ols,0.0,2350964.481336867,2504.961608185639,2.417125229524437,5.842494375203564,2.424413717215493,0.00021374741719098914,"p=40,n=p"
3,30,40,40,0.1935873133509986,ols,0.0,1302238.8297923785,1487.2843063439527,1.8743509982162962,3.5131916645144265,1.8840186397250145,0.00022231053984234355,"p=40,n=p"
3,31,40,40,0.1935873133509986,ols,0.0,6799080.582265798,7646.272675322702,3.90344035180408,15.236846580092358,3.9058719079042574,0.00021244644856062935,"p=40,n=p"
3,32,40,40,0.1935873133509986,ols,0.0,6241946.957487529,3187.0048490188983,2.638837639804019,6.963464089246447,2.6476494766196175,0.0002177399472620977,"p=40,n=p"
3,33,40,40,0.1935873133509986,ols,0.0,2675578.630293094,3732.402626524527,3.249201406059551,10.557309777139363,3.253869084801675,0.00019796979119599098,"p=40,n=p"
3,34,40,40,0.1935873133509986,ols,0.0,1579778.1699412207,2428.2851705361372,2.3075939706661863,5.324989933454935,2.3155457054748796,0.00019991570660157196,"p=40,n=p"
3,35,40,40,0.1935873133509986,ols,0.0,448638.37553880346,1188.6547991259301,1.7857448176189614,3.188884553652978,1.7970015034225122,0.00022108638962879275,"p=40,n=p"
3,36,40,40,0.1935873133509986,ols,0.0,895742.2907538202,907.7072991187364,1.4841340500124325,2.2026538784063057,1.4971245640805544,0.0002184217247900186,"p=40,n=p"
3,37,40,40,0.1935873133509986,ols,0.0,420885.806095509,729.9244690752209,1.5489465762395247,2.3992354960441458,1.5614944852648367,0.00021491058695891307,"p=40,n=p"
3,38,40,40,0.1935873133509986,ols,0.0,1271290.2192092298,1453.1516471379919,2.017223445283461,4.069190428201278,2.0255044575677537,0.00021473427335476898,"p=40,n=p"
3,39,40,40,0.1935873133509986,ols,0.0,641599.6479742514,650.3551883812105,1.226948779888293,1.505403308469371,1.243457979722045,0.00021961658441548365,"p=40,n=p"
3,40,40,40,0.1935873133509986,ols,0.0,4217164.066982321,5221.988950350158,3.504135846877381,12.27896803337106,3.510919886651825,0.0002056501845914603,"p=40,n=p"
3,41,40,40,0.1935873133509986,ols,0.0,5662434.138395985,5519.70388783088,3.459920274712308,11.971048307365292,3.466038614528046,0.00021052420656668755,"p=40,n=p"
3,42,40,40,0.1935873133509986,ols,0.0,2946024.079734031,4024.447187461055,3.5789989759646645,12.809233669956118,3.585176178828337,0.00020760628166132793,"p=40,n=p"
3,43,40,40,0.1935873133509986,ols,0.0,707486.6610613618,487.0865011864786,1.0089633258500998,1.0180069929104947,1.0256758762934652,0.00022875772399182407,"p=40,n=p"
3,44,40,40,0.1935873133509986,ols,0.0,3713379.839335989,2103.7498041945328,2.0920030544237695,4.376476779718382,2.104119204650285,0.0002250477253915766,"p=40,n=p"
3,45,40,40,0.1935873133509986,ols,0.0,400590.59188545693,898.6908950275273,1.7165263320099433,2.94646264848351,1.7281513568005293,0.00021878825238342151,"p=40,n=p"
3,46,40,40,0.1935873133509986,ols,0.0,3712581.483936339,2972.239150273698,2.9076515734785584,8.454437672752336,2.913065012483609,0.00021023741175301835,"p=40,n=p"
3,47,40,40,0.1935873133509986,ols,0.0,3265814.7422135184,2414.1473617370975,2.631588496805047,6.925258016516648,2.6374053161856037,0.00022963127927307523,"p=40,n=p"
3,48,40,40,0.1935873133509986,ols,0.0,307063154.4525185,238071.6284332762,23.928217838031728,572.5596089042997,23.929851995809564,0.0002214728474788918,"p=40,n=p"
3,49,40,40,0.1935873133509986,ols,0.0,853151839.8378589,486416.51310032635,34.47757121661703,1188.7029169968991,34.47840276171871,0.00021760980092408672,"p=40,n=p"
3,0,40,40,0.1935873133509986,ridge,1.0,6931541.72792839,0.13073602310413357,0.06957674268559368,0.004840923122737313,0.20587742744068072,0.00020727577202375334,"p=40,n=p"
3,1,40,40,0.1935873133509986,ridge,1.0,169261266.6927741,0.11852097494011794,0.06621902494573233,0.004384959264763521,0.20338677783906686,0.00021630164902152287,"p=40,n=p"
3,2,40,40,0.1935873133509986,ridge,1.0,2330325.9020204884,0.14767463808228576,0.07715519803311979,0.005952924583529933,0.20874167689373413,0.00021003695181225697,"p=40,n=p"
3,3,40,40,0.1935873133509986,ridge,1.0,752539.8916411867,0.13686396398326725,0.07912885968206615,0.006261376434584113,0.2091893784846024,0.00021506117946648736,"p=40,n=p"
3,4,40,40,0.1935873133509986,ridge,1.0,974459.9218666595,0.14212402305371977,0.08217990297471969,0.006753536452934343,0.2105299073778489,0.00022039688937188013,"p=40,n=p"
3,5,40,40,0.1935873133509986,ridge,1.0,4524699.133935005,0.13296093739552448,0.07639854655623345,0.00583673791590497,0.20834627805176156,0.00022084225503114918,"p=40,n=p"
3,6,40,40,0.1935873133509986,ridge,1.0,9375317.514256457,0.1374656798269359,0.07173262399421594,0.005145569345095564,0.20668197387226497,0.00020515245755647015,"p=40,n=p"
3,7,40,40,0.1935873133509986,ridge,1.0,2002216.0457267803,0.13805659228028735,0.07428362800218216,0.0055180573891665825,0.20706808712599875,0.00021255074549989797,"p=40,n=p"
3,8,40,40,0.1935873133509986,ridge,1.0,196121.8194496022,0.14306283754623428,0.07426437470728309,0.0055151973506637475,0.2076147710742608,0.0002167382367337118,"p=40,n=p"
3,9,40,40,0.1935873133509986,ridge,1.0,146834361.91946906,0.13861424194429303,0.07282362833340443,0.005303280843641825,0.20585602146878615,0.00021061366190738522,"p=40,n=p"
3,10,40,40,0.1935873133509986,ridge,1.0,1244831.748595613,0.1272081254871472,0.0675842286934773,0.0045676279680922395,0.20480959829601045,0.00021310623550101074,"p=40,n=p"
3,11,40,40,0.1935873133509986,ridge,1.0,460617.89758781774,0.1429934045899019,0.06906939266597126,0.004770581003246123,0.2054570224491766,0.0002065352377442299,"p=40,n=p"
3,12,40,40,0.1935873133509986,ridge,1.0,7226724.284881846,0.1404234272013327,0.0782445760262897,0.00612221367753383,0.20822121037214944,0.00021286699874599718,"p=40,n=p"
3,13,40,40,0.1935873133509986,ridge,1.0,8427093.62459523,0.14757494619577458,0.07721667541452511,0.005962414962072126,0.20839727203917766,0.00021535634668425245,"p=40,n=p"
3,14,40,40,0.1935873133509986,ridge,1.0,273964.159297446,0.1356893175471255,0.06517387520232906,0.004247634008888762,0.20477082666698868,0.00022202229348476028,"p=40,n=p"
3,15,40,40,0.1935873133509986,ridge,1.0,4019314.5879219864,0.13702156780173788,0.07952643471930834,0.0063244538191644115,0.21053101371824204,0.00021103930417712204,"p=40,n=p"
3,16,40,40,0.1935873133509986,ridge,1.0,9581507.936298193,0.15427030373291578,0.08037566118365692,0.0064602469107100146,0.21037443996632166,0.0002220241167314422,"p=40,n=p"
3,17,40,40,0.1935873133509986,ridge,1.0,3983322.8567196117,0.13381042867607135,0.06926080221029841,0.004797058722814078,0.20284425416053353,0.0002203703306444243,"p=40,n=p"
3,18,40,40,0.1935873133509986,ridge,1.0,124341411.66980782,0.13365785904093325,0.07279508639220819,0.005299124602849053,0.20520951602843454,0.00022234197509516052,"p=40,n=p"
3,19,40,40,0.1935873133509986,ridge,1.0,896557.8927921688,0.12775984817508668,0.07008561546519487,0.004911993495135163,0.20531163893809837,0.00022065230820405855,"p=40,n=p"
3,20,40,40,0.1935873133509986,ridge,1.0,2122751.891743936,0.12910484415037385,0.06497369921589882,0.004221581589798092,0.203054503527312,0.00022706387178380409,"p=40,n=p"
3,21,40,40,0.1935873133509986,ridge,1.0,2181349.6371953837,0.12616597564585524,0.07278995206494493,0.00529837712161698,0.2061711534262379,0.0002214672386298622,"p=40,n=p"
3,22,40,40,0.1935873133509986,ridge,1.0,457631.1503277141,0.15805463453104196,0.08680661081279888,0.0075353876808047305,0.2114002906666062,0.0002223958230949013,"p=40,n=p"
3,23,40,40,0.1935873133509986,ridge,1.0,941482.340768694,0.14629026285344032,0.07613381689860126,0.0057963580755497415,0.20839079642989464,0.00021541736449092025,"p=40,n=p"
3,24,40,40,0.1935873133509986,ridge,1.0,1253079.057322528,0.1393406022760923,0.07137451193399949,0.005094320953816635,0.20645685184322526,0.0002122591237142717,"p=40,n=p"
3,25,40,40,0.1935873133509986,ridge,1.0,47683285.19591395,0.14587970337174835,0.07768163065932936,0.006034435741892458,0.2078023647869484,0.00022219071199380854,"p=40,n=p"
3,26,40,40,0.1935873133509986,ridge,1.0,2064617.366683758,0.1288420711208823,0.06635293213250035,0.004402711602580197,0.20373052938668082,0.00022120577059140672,"p=40,n=p"
3,27,40,40,0.1935873133509986,ridge,1.0,4356243.579028642,0.13712258604311023,0.08308677633675163,0.00690341240203339,0.21132191542542367,0.00021747633854264856,"p=40,n=p"
3,28,40,40,0.1935873133509986,ridge,1.0,4755892.60540753,0.13538707031736216,0.07164948621350205,0.00513364887465882,0.20591338097294937,0.00020422081942173033,"p=40,n=p"
3,29,40,40,0.1935873133509986,ridge,1.0,2350964.481336867,0.12861811838780615,0.07080024058103417,0.005012674066332316,0.20583477028986222,0.00021374741719098914,"p=40,n=p"
3,30,40,40,0.1935873133509986,ridge,1.0,1302238.8297923785,0.1314147053233211,0.07064859145362613,0.004991223474381376,0.20728298867083034,0.00022231053984234355,"p=40,n=p"
3,31,40,40,0.1935873133509986,ridge,1.0,6799080.582265798,0.1376847215636537,0.07269957186304875,0.0052852277490705885,0.20709401169746225,0.00021244644856062935,"p=40,n=p"
3,32,40,40,0.1935873133509986,ridge,1.0,6241946.957487529,0.13423644295162743,0.06895579671831696,0.004754901901057852,0.20625538995943205,0.0002177399472620977,"p=40,n=p"
3,33,40,40,0.1935873133509986,ridge,1.0,2675578.630293094,0.1383097831043212,0.06771261101939847,0.004584997691064363,0.20620664413484122,0.00019796979119599098,"p=40,n=p"
3,34,40,40,0.1935873133509986,ridge,1.0,1579778.1699412207,0.1608259468575007,0.08100319592733271,0.006561517750441851,0.2071731204318947,0.00019991570660157196,"p=40,n=p"
3,35,40,40,0.1935873133509986,ridge,1.0,448638.37553880346,0.12977974364469821,0.08172500150861793,0.006678975871583603,0.21006988543644564,0.00022108638962879275,"p=40,n=p"
3,36,40,40,0.1935873133509986,ridge,1.0,895742.2907538202,0.1460506180015436,0.07781377925555162,0.006054984242031716,0.2097715589559549,0.0002184217247900186,"p=40,n=p"
3,37,40,40,0.1935873133509986,ridge,1.0,420885.806095509,0.16023452355209733,0.08349557443265318,0.006971510949838728,0.21106905965910666,0.00021491058695891307,"p=40,n=p"
3,38,40,40,0.1935873133509986,ridge,1.0,1271290.2192092298,0.143806036820612,0.0684411561259139,0.00468419185185172,0.20569755088671104,0.00021473427335476898,"p=40,n=p"
3,39,40,40,0.1935873133509986,ridge,1.0,641599.6479742514,0.13616300334404197,0.06960832837005497,0.004845319378473399,0.20606649023690402,0.00021961658441548365,"p=40,n=p"
3,40,40,40,0.1935873133509986,ridge,1.0,4217164.066982321,0.13793607098684332,0.07913396061622315,0.006262183722809955,0.20796723223737343,0.0002056501845914603,"p=40,n=p"
3,41,40,40,0.1935873133509986,ridge,1.0,5662434.138395985,0.11843695885892788,0.07061440917209333,0.004986394782723818,0.2048356036015334,0.00021052420656668755,"p=40,n=p"
3,42,40,40,0.1935873133509986,ridge,1.0,2946024.079734031,0.13954686940120986,0.07149896080493656,0.005112101396185854,0.2071106131069315,0.00020760628166132793,"p=40,n=p"
3,43,40,40,0.1935873133509986,ridge,1.0,707486.6610613618,0.15310549542368268,0.08579990815262226,0.0073616242389984154,0.2128942501411745,0.00022875772399182407,"p=40,n=p"
3,44,40,40,0.1935873133509986,ridge,1.0,3713379.839335989,0.1272317118777912,0.07123928660208463,0.005075035955573955,0.20621075203752123,0.0002250477253915766,"p=40,n=p"
3,45,40,40,0.1935873133509986,ridge,1.0,400590.59188545693,0.16695326682467482,0.08940267309361696,0.007992837956284141,0.212826308602424,0.00021878825238342151,"p=40,n=p"
3,46,40,40,0.1935873133509986,ridge,1.0,3712581.483936339,0.1307317747265757,0.06498320734597694,0.004222817236970231,0.2031291994317723,0.00021023741175301835,"p=40,n=p"
3,47,40,40,0.1935873133509986,ridge,1.0,3265814.7422135184,0.13851693518440808,0.07253911565167658,0.00526192329952731,0.20828935682184602,0.00022963127927307523,"p=40,n=p"
3,48,40,40,0.1935873133509986,ridge,1.0,307063154.4525185,0.13439305665491458,0.06778968067375178,0.004595440805849236,0.20521162708727925,0.0002214728474788918,"p=40,n=p"
3,49,40,40,0.1935873133509986,ridge,1.0,853151839.8378589,0.13693487182592645,0.07510080445789757,0.005640130830223368,0.20460147671597242,0.00021760980092408672,"p=40,n=p"
3,0,80,40,0.1935873133509986,ols,0.0,5074.552640581391,15.165865724345712,0.18410295514621927,0.03389389809357082,0.26445833778336525,0.00020695028391103524,"p=40,n=2p"
3,1,80,40,0.1935873133509986,ols,0.0,4663.437190754332,15.757581616944378,0.1940855550764157,0.03766920268932039,0.2722065109158546,0.0002155023096683214,"p=40,n=2p"
3,2,80,40,0.1935873133509986,ols,0.0,5083.811416889984,14.606058680784804,0.18764988365310775,0.035212478835024874,0.2683146339177005,0.00021664936321326618,"p=40,n=2p"
3,3,80,40,0.1935873133509986,ols,0.0,4276.97080879353,16.478243241176273,0.19967200386485903,0.03986890912740828,0.2761883214386929,0.00021357536875898938,"p=40,n=2p"
3,4,80,40,0.1935873133509986,ols,0.0,4025.674046064804,16.4835700841702,0.19328413649404988,0.0373587574202505,0.27416468122930315,0.0002239384776167333,"p=40,n=2p"
3,5,80,40,0.1935873133509986,ols,0.0,3589.852772857998,16.204586546159106,0.19507895531566283,0.03805579880705037,0.2733223032346762,0.00022665873495421782,"p=40,n=2p"
3,6,80,40,0.1935873133509986,ols,0.0,6795.134068115602,20.271858202559166,0.20713845208095635,0.042906338330494655,0.2838098168367892,0.00020301459593644787,"p=40,n=2p"
3,7,80,40,0.1935873133509986,ols,0.0,5413.712766507718,15.03621973270351,0.19129392767689057,0.03659336676605144,0.2727469569816902,0.0002118100453597264,"p=40,n=2p"
3,8,80,40,0.1935873133509986,ols,0.0,4479.228781730569,16.020008031811503,0.1906087106641085,0.03633168058103383,0.27097360267946186,0.0002107592884139347,"p=40,n=2p"
3,9,80,40,0.1935873133509986,ols,0.0,6665.789945954572,15.382648760373224,0.18265158449180466,0.03336160131736685,0.26726989178537325,0.00021288763892819888,"p=40,n=2p"
3,10,80,40,0.1935873133509986,ols,0.0,4261.183062190408,15.031376630483756,0.18840988532449968,0.03549828488799112,0.26971564740451903,0.00021873753501058793,"p=40,n=2p"
3,11,80,40,0.1935873133509986,ols,0.0,5601.519741731519,16.563897344681358,0.19817508932521524,0.03927336602905704,0.27682046761056756,0.00020571361070291795,"p=40,n=2p"
3,12,80,40,0.1935873133509986,ols,0.0,5021.50923359954,20.63550684986977,0.21551554749649732,0.04644695121271499,0.28955493047927716,0.00021571258624248065,"p=40,n=2p"
3,13,80,40,0.1935873133509986,ols,0.0,3796.9312973889128,18.03930007690537,0.20526048540075326,0.04213186686695284,0.28192147395503464,0.00021189702008066533,"p=40,n=2p"
3,14,80,40,0.1935873133509986,ols,0.0,5368.542462235267,14.737414597526836,0.190685042904065,0.036360785587325105,0.2746226335448477,0.00022184702768819004,"p=40,n=2p"
3,15,80,40,0.1935873133509986,ols,0.0,4865.141493855278,17.446634024105347,0.20206526584077683,0.04083037165930382,0.28161156044546465,0.00020816603155288379,"p=40,n=2p"
3,16,80,40,0.1935873133509986,ols,0.0,4883.3298531583305,15.822566758675011,0.18452245979182805,0.0340485381676268,0.26736223789218183,0.0002158704315920816,"p=40,n=2p"
3,17,80,40,0.1935873133509986,ols,0.0,6571.3467973928155,16.361584324939262,0.19649437719006987,0.03861004026731345,0.27516654880446634,0.00022181256563243046,"p=40,n=2p"
3,18,80,40,0.1935873133509986,ols,0.0,10375.050736856621,18.15567942725573,0.20904832013611915,0.04370120015173336,0.2854735688206335,0.00021687126733077277,"p=40,n=2p"
3,19,80,40,0.1935873133509986,ols,0.0,4061.0427431760468,16.831484415142626,0.203751762113508,0.04151478056435955,0.2792112920085854,0.00022320273195787526,"p=40,n=2p"
3,20,80,40,0.1935873133509986,ols,0.0,5871.840004193242,18.458565727852175,0.2066294554828015,0.04269573187311906,0.28286278121159697,0.00022409749843036331,"p=40,n=2p"
3,21,80,40,0.1935873133509986,ols,0.0,4556.1068020275325,17.328592213445134,0.1959088876718502,0.038380292268821614,0.27520642307500254,0.00021775092645405316,"p=40,n=2p"
3,22,80,40,0.1935873133509986,ols,0.0,5098.136895793074,15.576076151965179,0.18834048424458188,0.03547213800548359,0.2702251118694278,0.0002177948282757723,"p=40,n=2p"
3,23,80,40,0.1935873133509986,ols,0.0,4580.654897354148,16.63689005011054,0.19747922619371674,0.03899804477806914,0.2774701214410857,0.00021644729796144543,"p=40,n=2p"
3,24,80,40,0.1935873133509986,ols,0.0,5264.953029789385,15.140719333405881,0.18943373323077867,0.03588513928574982,0.2704512903201985,0.000211097548311128,"p=40,n=2p"
3,25,80,40,0.1935873133509986,ols,0.0,7271.049696919734,16.976536297752006,0.20175151559950083,0.04070367404669562,0.2774184296098138,0.00022635706207905923,"p=40,n=2p"
3,26,80,40,0.1935873133509986,ols,0.0,5450.168773580993,19.872702412483008,0.20582418932006183,0.04236359690926065,0.2825692087162483,0.00021805367508612018,"p=40,n=2p"
3,27,80,40,0.1935873133509986,ols,0.0,4331.449479757482,14.71215529319511,0.19004620572958056,0.03611756031221006,0.27133102196794684,0.00022378124201442027,"p=40,n=2p"
3,28,80,40,0.1935873133509986,ols,0.0,6976.092707037562,17.274352030075192,0.19834917123767268,0.039342393730671596,0.27857009049011866,0.0001984873264144531,"p=40,n=2p"
3,29,80,40,0.1935873133509986,ols,0.0,4982.268463240041,15.778668369293088,0.19373905295573002,0.03753482064018316,0.2735239830326523,0.00021242426227464984,"p=40,n=2p"
3,30,80,40,0.1935873133509986,ols,0.0,4085.483127310579,14.294975179449937,0.1887895697534909,0.035641501647708206,0.26983941947098666,0.00022375441864158873,"p=40,n=2p"
3,31,80,40,0.1935873133509986,ols,0.0,5368.130208989912,15.689887378684048,0.1964609576192622,0.03859690786867753,0.2742630276661197,0.00021352842514415338,"p=40,n=2p"
3,32,80,40,0.1935873133509986,ols,0.0,4989.312030137891,15.945196498359524,0.19709254648378083,0.03884547187946131,0.276679020159722,0.00021807652365034942,"p=40,n=2p"
3,33,80,40,0.1935873133509986,ols,0.0,4918.73798496314,14.844932444942135,0.18579942328724763,0.03452142569387382,0.26945655991780876,0.00019938716789506087,"p=40,n=2p"
3,34,80,40,0.1935873133509986,ols,0.0,3807.1162431446496,14.186939965474727,0.1845272073865863,0.03405029026589223,0.2658543523606458,0.00020360910620451428,"p=40,n=2p"
3,35,80,40,0.1935873133509986,ols,0.0,5721.215742751694,16.494453491740906,0.1910392003259727,0.03649597606118713,0.2713109688057153,0.0002231709327552311,"p=40,n=2p"
3,36,80,40,0.1935873133509986,ols,0.0,4407.352083903883,16.904824824977673,0.19854408957254202,0.039419755504189594,0.2779425945911752,0.0002189038908207105,"p=40,n=2p"
3,37,80,40,0.1935873133509986,ols,0.0,3876.5932431707665,16.37501250654208,0.1901317347723796,0.03615007656755451,0.27167228886681766,0.00021245869628393167,"p=40,n=2p"
3,38,80,40,0.1935873133509986,ols,0.0,4302.067029481774,16.29685168757525,0.19151571386169658,0.03667826865595524,0.2741984319925111,0.0002120275384184718,"p=40,n=2p"
3,39,80,40,0.1935873133509986,ols,0.0,4243.15605304742,14.661607735448163,0.17938843827458606,0.03218021178659498,0.2650840550012484,0.00021882553752050144,"p=40,n=2p"
3,40,80,40,0.1935873133509986,ols,0.0,3341.852993570972,14.360783566319217,0.1871787401214686,0.03503588075346028,0.26938480602805126,0.0002080237729913046,"p=40,n=2p"
3,41,80,40,0.1935873133509986,ols,0.0,4315.202821366,17.934432117484803,0.20634777203099114,0.042579403022153885,0.28034807767771985,0.00021169758397479092,"p=40,n=2p"
3,42,80,40,0.1935873133509986,ols,0.0,3298.0336063347545,16.802520213477056,0.20024620353865955,0.04009854203164626,0.27848013057420307,0.00020636305665852782,"p=40,n=2p"
3,43,80,40,0.1935873133509986,ols,0.0,4384.801761841536,15.825024503973946,0.19487091064384876,0.03797467181516288,0.2754746480263478,0.00022996327317146016,"p=40,n=2p"
3,44,80,40,0.1935873133509986,ols,0.0,4776.008548712893,16.423216371707213,0.1993226862140934,0.03972953323960195,0.27676244781515885,0.0002190474702154083,"p=40,n=2p"
3,45,80,40,0.1935873133509986,ols,0.0,3317.9144931076667,14.969780385162768,0.18589511105137543,0.0345569923128032,0.2696728730411886,0.00021575559246083417,"p=40,n=2p"
3,46,80,40,0.1935873133509986,ols,0.0,5121.876965041948,16.099238628738327,0.19800454238633552,0.039205798805622145,0.27792998769515714,0.00020819795382320905,"p=40,n=2p"
3,47,80,40,0.1935873133509986,ols,0.0,6607.087170245998,16.855628973793007,0.1915349262205413,0.036685627962308204,0.2721941622748673,0.0002287460149429987,"p=40,n=2p"
3,48,80,40,0.1935873133509986,ols,0.0,4199.541941141698,16.008417199614698,0.19249414350131808,0.03705399528230603,0.2743721842378637,0.00021686461627616632,"p=40,n=2p"
3,49,80,40,0.1935873133509986,ols,0.0,5917.727692885123,16.974262343416257,0.20038657775636826,0.04015478054490902,0.27723661681394307,0.00021255119600283755,"p=40,n=2p"
3,0,80,40,0.1935873133509986,ridge,2.154434690031882,5074.552640581391,0.07217690759523056,0.05277630839686304,0.0027853387280007964,0.2003721428779105,0.00020695028391103524,"p=40,n=2p"
3,1,80,40,0.1935873133509986,ridge,1.0,4663.437190754332,0.18747740021860365,0.05702811986775338,0.0032522064556508475,0.20122162853861134,0.0002155023096683214,"p=40,n=2p"
3,2,80,40,0.1935873133509986,ridge,1.0,5083.811416889984,0.19186444485414278,0.058819116134401786,0.0034596884228322443,0.2025200994564538,0.00021664936321326618,"p=40,n=2p"
3,3,80,40,0.1935873133509986,ridge,2.154434690031882,4276.97080879353,0.07592710523118013,0.057440202184842255,0.0032993768270355574,0.20194295242686505,0.00021357536875898938,"p=40,n=2p"
3,4,80,40,0.1935873133509986,ridge,2.154434690031882,4025.674046064804,0.07389199126220047,0.06015307779386195,0.0036183927680744077,0.20249173496670375,0.0002239384776167333,"p=40,n=2p"
3,5,80,40,0.1935873133509986,ridge,2.154434690031882,3589.852772857998,0.07759087992234906,0.05710407557355209,0.0032608754471099488,0.20160241801276094,0.00022665873495421782,"p=40,n=2p"
3,6,80,40,0.1935873133509986,ridge,2.154434690031882,6795.134068115602,0.06984205150519679,0.051655695993208094,0.0026683109285427346,0.20213301449720156,0.00020301459593644787,"p=40,n=2p"
3,7,80,40,0.1935873133509986,ridge,2.154434690031882,5413.712766507718,0.07219487080784326,0.0545579104486754,0.002976565592525684,0.2001248142931337,0.0002118100453597264,"p=40,n=2p"
3,8,80,40,0.1935873133509986,ridge,2.154434690031882,4479.228781730569,0.07012999303883415,0.056165670953222405,0.0031545825936256508,0.201104319849987,0.0002107592884139347,"p=40,n=2p"
3,9,80,40,0.1935873133509986,ridge,2.154434690031882,6665.789945954572,0.0692618799662961,0.05007203313400798,0.002507208502173193,0.20032808245639563,0.00021288763892819888,"p=40,n=2p"
3,10,80,40,0.1935873133509986,ridge,1.0,4261.183062190408,0.18210713035966086,0.058340077605934106,0.003403564655066414,0.20140007057120468,0.00021873753501058793,"p=40,n=2p"
3,11,80,40,0.1935873133509986,ridge,1.0,5601.519741731519,0.18352238196138704,0.05782888364195848,0.0033441797832751727,0.20191782390296545,0.00020571361070291795,"p=40,n=2p"
3,12,80,40,0.1935873133509986,ridge,2.154434690031882,5021.50923359954,0.07715727607652999,0.058718196055568196,0.003447826548020144,0.2035408102287855,0.00021571258624248065,"p=40,n=2p"
3,13,80,40,0.1935873133509986,ridge,2.154434690031882,3796.9312973889128,0.07229797127963163,0.05664699443885106,0.003208881978955223,0.20212945511381045,0.00021189702008066533,"p=40,n=2p"
3,14,80,40,0.1935873133509986,ridge,2.154434690031882,5368.542462235267,0.07655827201044835,0.056189988379066365,0.003157314794039613,0.20234558600656122,0.00022184702768819004,"p=40,n=2p"
3,15,80,40,0.1935873133509986,ridge,2.154434690031882,4865.141493855278,0.07185428061415468,0.05658284675391919,0.0032016185467775033,0.20253151836891672,0.00020816603155288379,"p=40,n=2p"
3,16,80,40,0.1935873133509986,ridge,2.154434690031882,4883.3298531583305,0.07197009995346565,0.05233055225499845,0.002738486699313123,0.20108141230546192,0.0002158704315920816,"p=40,n=2p"
3,17,80,40,0.1935873133509986,ridge,2.154434690031882,6571.3467973928155,0.06836338367973573,0.0532553404110932,0.002836131282301416,0.20102632774400603,0.00022181256563243046,"p=40,n=2p"
3,18,80,40,0.1935873133509986,ridge,2.154434690031882,10375.050736856621,0.06961876183968434,0.05022203304870558,0.002522252603545276,0.19961048778003612,0.00021687126733077277,"p=40,n=2p"
3,19,80,40,0.1935873133509986,ridge,2.154434690031882,4061.0427431760468,0.06466509044425982,0.05261987983095443,0.002768851753424085,0.1996600714619913,0.00022320273195787526,"p=40,n=2p"
3,20,80,40,0.1935873133509986,ridge,2.154434690031882,5871.840004193242,0.0755691769346746,0.056287735377300016,0.0031683091539049515,0.20008818058185596,0.00022409749843036331,"p=40,n=2p"
3,21,80,40,0.1935873133509986,ridge,2.154434690031882,4556.1068020275325,0.0756486732163205,0.05654754763109205,0.003197625143090624,0.20150520264373675,0.00021775092645405316,"p=40,n=2p"
3,22,80,40,0.1935873133509986,ridge,1.0,5098.136895793074,0.18053776173674557,0.05967998606484315,0.0035617007366998727,0.20277675092015,0.0002177948282757723,"p=40,n=2p"
3,23,80,40,0.1935873133509986,ridge,2.154434690031882,4580.654897354148,0.0761287939442135,0.061556988711623455,0.0037892628592429375,0.20408276383963175,0.00021644729796144543,"p=40,n=2p"
3,24,80,40,0.1935873133509986,ridge,2.154434690031882,5264.953029789385,0.06684155101296183,0.055460917791476265,0.0030759134022728886,0.2017253382028193,0.000211097548311128,"p=40,n=2p"
3,25,80,40,0.1935873133509986,ridge,2.154434690031882,7271.049696919734,0.06976980364854167,0.055004909298942174,0.003025540046984855,0.19998188970966724,0.00022635706207905923,"p=40,n=2p"
3,26,80,40,0.1935873133509986,ridge,2.154434690031882,5450.168773580993,0.06876274742970628,0.048591531191995614,0.0023611369035826824,0.1983921463309375,0.00021805367508612018,"p=40,n=2p"
3,27,80,40,0.1935873133509986,ridge,2.154434690031882,4331.449479757482,0.07604923189038228,0.062173856078140285,0.0038655883796253013,0.20296203236800425,0.00022378124201442027,"p=40,n=2p"
3,28,80,40,0.1935873133509986,ridge,1.0,6976.092707037562,0.19473888934862912,0.06099553235955776,0.0037204549678258574,0.20277476854782625,0.0001984873264144531,"p=40,n=2p"
3,29,80,40,0.1935873133509986,ridge,1.0,4982.268463240041,0.1893062288979492,0.053485012850251444,0.002860646599591562,0.20088198716972985,0.00021242426227464984,"p=40,n=2p"
3,30,80,40,0.1935873133509986,ridge,1.0,4085.483127310579,0.17661644061145285,0.0580686477908016,0.0033719678562521673,0.20158863268111402,0.00022375441864158873,"p=40,n=2p"
3,31,80,40,0.1935873133509986,ridge,1.0,5368.130208989912,0.17145650236580107,0.06334452494969928,0.004012528841103075,0.20249566405088806,0.00021352842514415338,"p=40,n=2p"
3,32,80,40,0.1935873133509986,ridge,2.154434690031882,4989.312030137891,0.0732442287685149,0.05405428012981019,0.0029218652003519924,0.20115825579835564,0.00021807652365034942,"p=40,n=2p"
3,33,80,40,0.1935873133509986,ridge,2.154434690031882,4918.73798496314,0.06516375708153528,0.050748274962330024,0.0025753874116522524,0.20129729754286557,0.00019938716789506087,"p=40,n=2p"
3,34,80,40,0.1935873133509986,ridge,2.154434690031882,3807.1162431446496,0.0744870029658244,0.05160751402900513,0.0026633355042539613,0.1990676708766172,0.00020360910620451428,"p=40,n=2p"
3,35,80,40,0.1935873133509986,ridge,2.154434690031882,5721.215742751694,0.07111059586497234,0.05653474518057791,0.0031961774126328772,0.20037867123456787,0.0002231709327552311,"p=40,n=2p"
3,36,80,40,0.1935873133509986,ridge,1.0,4407.352083903883,0.18290947623902334,0.05827098863847598,0.0033955081169053975,0.2028838288128362,0.0002189038908207105,"p=40,n=2p"
3,37,80,40,0.1935873133509986,ridge,2.154434690031882,3876.5932431707665,0.07309631584847281,0.06038056822358561,0.0036458130190030764,0.20264511187128983,0.00021245869628393167,"p=40,n=2p"
3,38,80,40,0.1935873133509986,ridge,1.0,4302.067029481774,0.1805506424986884,0.05679620333983169,0.003225808713819508,0.20259909661453412,0.0002120275384184718,"p=40,n=2p"
3,39,80,40,0.1935873133509986,ridge,2.154434690031882,4243.15605304742,0.07236572351163889,0.04915733930506055,0.0024164440075528505,0.2010595920294228,0.00021882553752050144,"p=40,n=2p"
3,40,80,40,0.1935873133509986,ridge,2.154434690031882,3341.852993570972,0.06819934674536587,0.05454583496484194,0.002975248112011773,0.2005281743935491,0.0002080237729913046,"p=40,n=2p"
3,41,80,40,0.1935873133509986,ridge,1.0,4315.202821366,0.18134117791458423,0.059230740622663945,0.003508280634709293,0.20041477414839193,0.00021169758397479092,"p=40,n=2p"
3,42,80,40,0.1935873133509986,ridge,1.0,3298.0336063347545,0.1714860509934153,0.05772249042939744,0.003331885901371879,0.20192119997661817,0.00020636305665852782,"p=40,n=2p"
3,43,80,40,0.1935873133509986,ridge,2.154434690031882,4384.801761841536,0.07109851049283676,0.05884171115370895,0.0034623469714965167,0.20160485117908244,0.00022996327317146016,"p=40,n=2p"
3,44,80,40,0.1935873133509986,ridge,1.0,4776.008548712893,0.16886529572636458,0.05677305703301609,0.003223180004874098,0.20202566781123016,0.0002190474702154083,"p=40,n=2p"
3,45,80,40,0.1935873133509986,ridge,1.0,3317.9144931076667,0.1840875062530356,0.062061172215825924,0.0038515890968024036,0.20391788324452434,0.00021575559246083417,"p=40,n=2p"
3,46,80,40,0.1935873133509986,ridge,2.154434690031882,5121.876965041948,0.06911006715175058,0.04821869096202767,0.002325042158091529,0.19903698346150292,0.00020819795382320905,"p=40,n=2p"
3,47,80,40,0.1935873133509986,ridge,2.154434690031882,6607.087170245998,0.06867910747250418,0.054461581544621857,0.0029660638643414956,0.20258652344978417,0.0002287460149429987,"p=40,n=2p"
3,48,80,40,0.1935873133509986,ridge,2.154434690031882,4199.541941141698,0.07469216369119852,0.05557908808177188,0.003089035032001357,0.20200617246417651,0.00021686461627616632,"p=40,n=2p"
3,49,80,40,0.1935873133509986,ridge,2.154434690031882,5917.727692885123,0.07368097718871476,0.05880525070622089,0.003458057510621492,0.20058126542776472,0.00021255119600283755,"p=40,n=2p"
3,0,40,80,0.1935873133509986,ols,0.0,1.9704138026730294e+18,100.19520624641147,0.41182244997246037,0.16959773030131964,0.45384714556199757,4.968147650559586e-05,"p=80,n=p/2"
3,1,40,80,0.1935873133509986,ols,0.0,1.0873210046530015e+19,132.34840706538765,0.47407032994483067,0.2247426777340006,0.5123002673585433,5.284423277098995e-05,"p=80,n=p/2"
3,2,40,80,0.1935873133509986,ols,0.0,2.806961597936977e+18,113.8122765793583,0.43928567307828104,0.19297190257183838,0.4803756407141849,5.1196717146632507e-05,"p=80,n=p/2"
3,3,40,80,0.1935873133509986,ols,0.0,1.1431426307019688e+19,101.53979580281852,0.4092595181037033,0.16749335315847547,0.4538210882434894,5.138096544991933e-05,"p=80,n=p/2"
3,4,40,80,0.1935873133509986,ols,0.0,1.3147796790446348e+19,97.73507925184329,0.4084379830025232,0.16682158595916943,0.4515439867633278,5.279765086619126e-05,"p=80,n=p/2"
3,5,40,80,0.1935873133509986,ols,0.0,1.6290263159569318e+19,124.68417593144433,0.48627363533913043,0.23646204842593357,0.5234314441521538,5.481004248854769e-05,"p=80,n=p/2"
3,6,40,80,0.1935873133509986,ols,0.0,1.3027010979983385e+19,89.49530176618315,0.37264361983823485,0.13886326740614288,0.4200207528156504,4.956389429099507e-05,"p=80,n=p/2"
3,7,40,80,0.1935873133509986,ols,0.0,4.382946607598972e+18,121.29287112795478,0.4288226873444413,0.18388889718130844,0.47012890001875934,5.116793359574054e-05,"p=80,n=p/2"
3,8,40,80,0.1935873133509986,ols,0.0,9.467342289085241e+18,98.81706832856855,0.4401198906580287,0.19370551815283515,0.48145609368851655,5.3015420600792584e-05,"p=80,n=p/2"
3,9,40,80,0.1935873133509986,ols,0.0,4.81185128794281e+18,206.37606605612143,0.5202113551032694,0.27061985397837984,0.5558489648428879,5.197876963163928e-05,"p=80,n=p/2"
3,10,40,80,0.1935873133509986,ols,0.0,4.581891067826746e+18,116.41194098991993,0.4280813785836941,0.18325366669011606,0.46884000619434424,5.227438340038777e-05,"p=80,n=p/2"
3,11,40,80,0.1935873133509986,ols,0.0,4.128213946791506e+18,118.76829180767746,0.4537635698053105,0.20590137728245891,0.49230727798439206,5.034686960963396e-05,"p=80,n=p/2"
3,12,40,80,0.1935873133509986,ols,0.0,2.1382106188616072e+18,96.96596675339066,0.41409348404206464,0.17147341352609566,0.45801437893255853,5.2250308341595315e-05,"p=80,n=p/2"
3,13,40,80,0.1935873133509986,ols,0.0,1.231560053762731e+19,119.61773845032518,0.4423792588783633,0.19569940868577,0.4825267245015002,5.207177934281636e-05,"p=80,n=p/2"
3,14,40,80,0.1935873133509986,ols,0.0,6.888869533509826e+18,89.79660749936303,0.3955113982380432,0.156429266136212,0.4388439150811529,5.356499610086075e-05,"p=80,n=p/2"
3,15,40,80,0.1935873133509986,ols,0.0,4.979202405767491e+18,141.4840501756832,0.4725366671112881,0.22329090176464433,0.5101481862829584,5.048398419859444e-05,"p=80,n=p/2"
3,16,40,80,0.1935873133509986,ols,0.0,2.9121182829639014e+18,98.51586204195796,0.39300748010099734,0.1544548794153358,0.4404823925127018,5.270716249854267e-05,"p=80,n=p/2"
3,17,40,80,0.1935873133509986,ols,0.0,2.142727410404263e+19,126.87126886882659,0.46403448051416135,0.21532799910604758,0.5032344915406762,5.3518410933279854e-05,"p=80,n=p/2"
3,18,40,80,0.1935873133509986,ols,0.0,3.343252913949288e+18,150.82744298448594,0.5076445598387066,0.2577029991338342,0.5429527314530809,5.3934954001068175e-05,"p=80,n=p/2"
3,19,40,80,0.1935873133509986,ols,0.0,1.4584685256331016e+19,114.96013144959113,0.4609739507816434,0.212496983299237,0.4979576516287271,5.418632716164153e-05,"p=80,n=p/2"
3,20,40,80,0.1935873133509986,ols,0.0,6.781124197451214e+19,115.2896576383356,0.44466957370942667,0.19773102978292326,0.48407065697658036,5.489987565673234e-05,"p=80,n=p/2"
3,21,40,80,0.1935873133509986,ols,0.0,4.74139395318169e+18,132.16246079917693,0.45753326144333917,0.20933668532697897,0.4976981825856404,5.307439374402829e-05,"p=80,n=p/2"
3,22,40,80,0.1935873133509986,ols,0.0,5.48219469533385e+18,105.92286392988466,0.414651179538218,0.1719356006924355,0.4583747761716,5.33734138173988e-05,"p=80,n=p/2"
3,23,40,80,0.1935873133509986,ols,0.0,3.749077614838942e+18,107.86246872851333,0.45883056868723243,0.2105254907618491,0.4977089578800934,5.188501294377938e-05,"p=80,n=p/2"
3,24,40,80,0.1935873133509986,ols,0.0,5.292313720105796e+18,116.54907790587554,0.4257163245223254,0.18123438896479788,0.47026489189778103,5.1853512823265894e-05,"p=80,n=p/2"
3,25,40,80,0.1935873133509986,ols,0.0,6.5702227189994e+19,97.11871152626924,0.39441737678457417,0.15556506710962476,0.4399274307729907,5.471222292552867e-05,"p=80,n=p/2"
3,26,40,80,0.1935873133509986,ols,0.0,2.347561880170141e+18,96.82459086979827,0.41612405071940023,0.17315922558712196,0.4589932270780134,5.405150019216297e-05,"p=80,n=p/2"
3,27,40,80,0.1935873133509986,ols,0.0,5.831941334849203e+18,87.87120278948038,0.3950994299693159,0.15610355956207836,0.4391684144015232,5.3845894954048014e-05,"p=80,n=p/2"
3,28,40,80,0.1935873133509986,ols,0.0,3.1262345475485885e+18,110.59597048281381,0.423846629886125,0.1796459656658258,0.46527588892697763,4.878396572468093e-05,"p=80,n=p/2"
3,29,40,80,0.1935873133509986,ols,0.0,6.038340192133149e+18,104.22891699675343,0.4157751138948954,0.17286894533431324,0.45860803153763213,5.147627104264083e-05,"p=80,n=p/2"
3,30,40,80,0.1935873133509986,ols,0.0,3.120062515345754e+18,103.67623672452609,0.4106259999295261,0.16861371181812315,0.4538091988618742,5.3821639575685726e-05,"p=80,n=p/2"
3,31,40,80,0.1935873133509986,ols,0.0,4.473820058093914e+18,101.8589059837392,0.42951696299567776,0.18448482150103043,0.4708554349400779,5.1760041331516374e-05,"p=80,n=p/2"
3,32,40,80,0.1935873133509986,ols,0.0,5.910989689292027e+18,90.92024991000203,0.38473103180618884,0.1480179668346547,0.4305753676182609,5.3129404165335875e-05,"p=80,n=p/2"
3,33,40,80,0.1935873133509986,ols,0.0,1.2728629985256055e+20,136.90303674192208,0.47719339385764725,0.22771353514137968,0.5155586984525639,4.875550392350437e-05,"p=80,n=p/2"
3,34,40,80,0.1935873133509986,ols,0.0,4.2095397664060564e+18,89.82055001152014,0.40936417156957794,0.16757902496484686,0.45287510217066107,4.9103555003335276e-05,"p=80,n=p/2"
3,35,40,80,0.1935873133509986,ols,0.0,4.572966620174726e+19,121.74910895213749,0.4777061695005486,0.2282031843788869,0.5147366512401401,5.3832762224824045e-05,"p=80,n=p/2"
3,36,40,80,0.1935873133509986,ols,0.0,1.0027946771099714e+20,137.80000661503487,0.49212453771703746,0.24218656062320784,0.5297254877274756,5.365919788903364e-05,"p=80,n=p/2"
3,37,40,80,0.1935873133509986,ols,0.0,8.457591156992703e+18,121.12095772336441,0.47550454961550864,0.22610457670504772,0.5135361268233132,5.3300515978837125e-05,"p=80,n=p/2"
3,38,40,80,0.1935873133509986,ols,0.0,3.0384705769794724e+18,119.423578339642,0.4198684493409089,0.17628951475193935,0.463809745028705,5.210481461786206e-05,"p=80,n=p/2"
3,39,40,80,0.1935873133509986,ols,0.0,2.5053991231555633e+19,92.30257587236508,0.38642866763612455,0.1493271151710304,0.43252501499964086,5.263296587209988e-05,"p=80,n=p/2"
3,40,40,80,0.1935873133509986,ols,0.0,1.3712881026838106e+18,118.65445786563403,0.43026350652685946,0.18512668504878882,0.4718846304143616,4.944139588361561e-05,"p=80,n=p/2"
3,41,40,80,0.1935873133509986,ols,0.0,7.517999647751932e+18,104.85913707904714,0.446110270753707,0.19901437367194577,0.485776161819658,5.156242592884408e-05,"p=80,n=p/2"
3,42,40,80,0.1935873133509986,ols,0.0,7.927245753348001e+18,135.56393501571333,0.45309975989250656,0.2052993924146471,0.4940495438890867,5.0644112316367285e-05,"p=80,n=p/2"
3,43,40,80,0.1935873133509986,ols,0.0,1.339697110112208e+19,106.73860954998365,0.43086954244974623,0.18564856261085366,0.47260317935004553,5.542464796548192e-05,"p=80,n=p/2"
3,44,40,80,0.1935873133509986,ols,0.0,3.395916205371911e+18,104.04931725384272,0.4203691857373457,0.17671025231747908,0.46307352624670944,5.45282850671474e-05,"p=80,n=p/2"
3,45,40,80,0.1935873133509986,ols,0.0,9.311692270256374e+19,144.23699314454228,0.4788748246589338,0.22932109769212455,0.5147235352400644,5.231845595517032e-05,"p=80,n=p/2"
3,46,40,80,0.1935873133509986,ols,0.0,1.8735531687565566e+19,109.93034280626789,0.45950417797241716,0.21114408957410682,0.4977281178509994,5.10066714656892e-05,"p=80,n=p/2"
3,47,40,80,0.1935873133509986,ols,0.0,3.1848924563717386e+18,171.42918716537105,0.4933199140555025,0.24336453760372836,0.5321397415286564,5.5404259907753936e-05,"p=80,n=p/2"
3,48,40,80,0.1935873133509986,ols,0.0,1.5004979438847746e+19,115.3242592106544,0.4565969242653409,0.2084807512485694,0.4950290912851715,5.34475266800686e-05,"p=80,n=p/2"
3,49,40,80,0.1935873133509986,ols,0.0,2.2559584983241226e+18,141.4222383889075,0.5166603223444509,0.2669378886850719,0.5522554624388121,5.2193487219554964e-05,"p=80,n=p/2"
3,0,40,80,0.1935873133509986,ridge,1.0,1.9704138026730294e+18,0.1312767775726827,0.0655953548114044,0.004302750572834034,0.20404397433422494,4.968147650559586e-05,"p=80,n=p/2"
3,1,40,80,0.1935873133509986,ridge,1.0,1.0873210046530015e+19,0.14352076546045306,0.07108855821859125,0.0050535831095980385,0.20524619381837525,5.284423277098995e-05,"p=80,n=p/2"
3,2,40,80,0.1935873133509986,ridge,1.0,2.806961597936977e+18,0.14420253783783935,0.07576092857943295,0.005739718299217941,0.2078848597969387,5.1196717146632507e-05,"p=80,n=p/2"
3,3,40,80,0.1935873133509986,ridge,1.0,1.1431426307019688e+19,0.15052860571393403,0.08078701226557884,0.006526541350798786,0.20973535356474599,5.138096544991933e-05,"p=80,n=p/2"
3,4,40,80,0.1935873133509986,ridge,1.0,1.3147796790446348e+19,0.15056150067377186,0.08004809217805638,0.006407697061346611,0.20947855399076254,5.279765086619126e-05,"p=80,n=p/2"
3,5,40,80,0.1935873133509986,ridge,1.0,1.6290263159569318e+19,0.14072722881609298,0.07619511665256962,0.005805695801698691,0.2092644683913376,5.481004248854769e-05,"p=80,n=p/2"
3,6,40,80,0.1935873133509986,ridge,1.0,1.3027010979983385e+19,0.13586477561473312,0.06833790432741567,0.0046700691678630175,0.2058330934938622,4.956389429099507e-05,"p=80,n=p/2"
3,7,40,80,0.1935873133509986,ridge,1.0,4.382946607598972e+18,0.13642302563121075,0.07377695122607739,0.005443038532215002,0.20630995202527508,5.116793359574054e-05,"p=80,n=p/2"
3,8,40,80,0.1935873133509986,ridge,1.0,9.467342289085241e+18,0.1437348241702326,0.0758190757698157,0.0057485322505890545,0.20818403077520048,5.3015420600792584e-05,"p=80,n=p/2"
3,9,40,80,0.1935873133509986,ridge,1.0,4.81185128794281e+18,0.14401916302837578,0.07045523806705506,0.004963940571085404,0.20601544167579827,5.197876963163928e-05,"p=80,n=p/2"
3,10,40,80,0.1935873133509986,ridge,1.0,4.581891067826746e+18,0.13545926970047414,0.07104267896673096,0.0050470622347699974,0.20557412856494522,5.227438340038777e-05,"p=80,n=p/2"
3,11,40,80,0.1935873133509986,ridge,1.0,4.128213946791506e+18,0.13259010745590577,0.06768760527400763,0.004581611907729866,0.20466491088638913,5.034686960963396e-05,"p=80,n=p/2"
3,12,40,80,0.1935873133509986,ridge,1.0,2.1382106188616072e+18,0.1374901099922489,0.07068852565514121,0.004996867659297557,0.2058390382214483,5.2250308341595315e-05,"p=80,n=p/2"
3,13,40,80,0.1935873133509986,ridge,1.0,1.231560053762731e+19,0.14468533665107816,0.07673245649640298,0.005887869879972377,0.20830622422748346,5.207177934281636e-05,"p=80,n=p/2"
3,14,40,80,0.1935873133509986,ridge,1.0,6.888869533509826e+18,0.1344304733127797,0.0677340990205566,0.004587908170126567,0.20451136884934837,5.356499610086075e-05,"p=80,n=p/2"
3,15,40,80,0.1935873133509986,ridge,1.0,4.979202405767491e+18,0.13809670525040454,0.07666003662290434,0.005876761215025035,0.2088335232020147,5.048398419859444e-05,"p=80,n=p/2"
3,16,40,80,0.1935873133509986,ridge,1.0,2.9121182829639014e+18,0.1454053823943632,0.08033813193424313,0.006454215442683858,0.20983082966658695,5.270716249854267e-05,"p=80,n=p/2"
3,17,40,80,0.1935873133509986,ridge,1.0,2.142727410404263e+19,0.1326338770696036,0.0679037947843587,0.004610925346116301,0.20501494337162493,5.3518410933279854e-05,"p=80,n=p/2"
3,18,40,80,0.1935873133509986,ridge,1.0,3.343252913949288e+18,0.1264207199100486,0.07071198029776504,0.005000184157631511,0.20536146636736963,5.3934954001068175e-05,"p=80,n=p/2"
3,19,40,80,0.1935873133509986,ridge,1.0,1.4584685256331016e+19,0.13619933511419607,0.07984334361218612,0.006374959519173623,0.20818427641258777,5.418632716164153e-05,"p=80,n=p/2"
3,20,40,80,0.1935873133509986,ridge,1.0,6.781124197451214e+19,0.1322208160623601,0.06817066283317406,0.0046472392711142995,0.2051880728096391,5.489987565673234e-05,"p=80,n=p/2"
3,21,40,80,0.1935873133509986,ridge,1.0,4.74139395318169e+18,0.12429615007470428,0.07053738213909135,0.0049755222790362034,0.2059959876440834,5.307439374402829e-05,"p=80,n=p/2"
3,22,40,80,0.1935873133509986,ridge,1.0,5.48219469533385e+18,0.15673528806739123,0.08288881919008231,0.006870556346726158,0.21001389477801963,5.33734138173988e-05,"p=80,n=p/2"
3,23,40,80,0.1935873133509986,ridge,1.0,3.749077614838942e+18,0.13712768700971234,0.07366926150944651,0.0054271600913472174,0.20746761030316876,5.188501294377938e-05,"p=80,n=p/2"
3,24,40,80,0.1935873133509986,ridge,1.0,5.292313720105796e+18,0.1395088821407156,0.07669773949876796,0.00588254324422087,0.2088005550300501,5.1853512823265894e-05,"p=80,n=p/2"
3,25,40,80,0.1935873133509986,ridge,1.0,6.5702227189994e+19,0.14846862491550053,0.07778683338218476,0.006050791447627772,0.20816980764221038,5.471222292552867e-05,"p=80,n=p/2"
3,26,40,80,0.1935873133509986,ridge,1.0,2.347561880170141e+18,0.13308700662564274,0.06483359360644256,0.004203394859925349,0.20366901407355373,5.405150019216297e-05,"p=80,n=p/2"
3,27,40,80,0.1935873133509986,ridge,1.0,5.831941334849203e+18,0.1473456683494399,0.08122575742243833,0.006597623668848796,0.21022366731990466,5.3845894954048014e-05,"p=80,n=p/2"
3,28,40,80,0.1935873133509986,ridge,1.0,3.1262345475485885e+18,0.14018745205423813,0.07097465526201552,0.005037401689561947,0.2060646614840306,4.878396572468093e-05,"p=80,n=p/2"
3,29,40,80,0.1935873133509986,ridge,1.0,6.038340192133149e+18,0.13066974460497474,0.06865242818259673,0.004713155895366601,0.20488682252578955,5.147627104264083e-05,"p=80,n=p/2"
3,30,40,80,0.1935873133509986,ridge,1.0,3.120062515345754e+18,0.1362478369103454,0.06906433794501782,0.004769882775783627,0.20613671536780537,5.3821639575685726e-05,"p=80,n=p/2"
3,31,40,80,0.1935873133509986,ridge,1.0,4.473820058093914e+18,0.14091343102493603,0.0714905841766905,0.00511090362592447,0.20622888746341653,5.1760041331516374e-05,"p=80,n=p/2"
3,32,40,80,0.1935873133509986,ridge,1.0,5.910989689292027e+18,0.1390617758883128,0.07086801527399403,0.005022275588875051,0.20615087332516577,5.3129404165335875e-05,"p=80,n=p/2"
3,33,40,80,0.1935873133509986,ridge,1.0,1.2728629985256055e+20,0.13664048862384384,0.0709556599727179,0.005034705682163961,0.20610412072211823,4.875550392350437e-05,"p=80,n=p/2"
3,34,40,80,0.1935873133509986,ridge,1.0,4.2095397664060564e+18,0.15787071699493094,0.08084502199437762,0.006535917581271401,0.20904753903937762,4.9103555003335276e-05,"p=80,n=p/2"
3,35,40,80,0.1935873133509986,ridge,1.0,4.572966620174726e+19,0.14104145065848098,0.08335472709707216,0.006948010529427375,0.21014027884661218,5.3832762224824045e-05,"p=80,n=p/2"
3,36,40,80,0.1935873133509986,ridge,1.0,1.0027946771099714e+20,0.13687833019851342,0.07359291435794284,0.005415917043695508,0.2080225351840684,5.365919788903364e-05,"p=80,n=p/2"
3,37,40,80,0.1935873133509986,ridge,1.0,8.457591156992703e+18,0.15484951521037374,0.08470652939323892,0.007175196121847649,0.21220698006309746,5.3300515978837125e-05,"p=80,n=p/2"
3,38,40,80,0.1935873133509986,ridge,1.0,3.0384705769794724e+18,0.1437213575866977,0.07022923404061315,0.004932145313931218,0.20589380458435985,5.210481461786206e-05,"p=80,n=p/2"
3,39,40,80,0.1935873133509986,ridge,1.0,2.5053991231555633e+19,0.1308221496580055,0.06791083873881998,0.004611882018210012,0.2050223022972862,5.263296587209988e-05,"p=80,n=p/2"
3,40,40,80,0.1935873133509986,ridge,1.0,1.3712881026838106e+18,0.1348059026637013,0.07142879274954186,0.0051020724336570044,0.20613653815880986,4.944139588361561e-05,"p=80,n=p/2"
3,41,40,80,0.1935873133509986,ridge,1.0,7.517999647751932e+18,0.12083672239348192,0.07115754120476968,0.005063395670308494,0.20534240645856278,5.156242592884408e-05,"p=80,n=p/2"
3,42,40,80,0.1935873133509986,ridge,1.0,7.927245753348001e+18,0.1369337773003462,0.07060043917465293,0.004984422011653868,0.20544610198153976,5.0644112316367285e-05,"p=80,n=p/2"
3,43,40,80,0.1935873133509986,ridge,1.0,1.339697110112208e+19,0.14367134677566176,0.07860711212117155,0.006179078076030435,0.2084384963455493,5.542464796548192e-05,"p=80,n=p/2"
3,44,40,80,0.1935873133509986,ridge,1.0,3.395916205371911e+18,0.12387455130028989,0.0697826818077672,0.004869622680284084,0.20579630948210903,5.45282850671474e-05,"p=80,n=p/2"
3,45,40,80,0.1935873133509986,ridge,1.0,9.311692270256374e+19,0.1548051872846055,0.085583067936265,0.0073244615173833506,0.21154041299231613,5.231845595517032e-05,"p=80,n=p/2"
3,46,40,80,0.1935873133509986,ridge,1.0,1.8735531687565566e+19,0.13260673445776197,0.06460817302230716,0.004174216021280378,0.20349878805041818,5.10066714656892e-05,"p=80,n=p/2"
3,47,40,80,0.1935873133509986,ridge,1.0,3.1848924563717386e+18,0.13791505415293234,0.07052284624371646,0.004973471842314874,0.20808342981708403,5.5404259907753936e-05,"p=80,n=p/2"
3,48,40,80,0.1935873133509986,ridge,1.0,1.5004979438847746e+19,0.13689002009092108,0.0715242819643411,0.0051157229105145705,0.20590685439598858,5.34475266800686e-05,"p=80,n=p/2"
3,49,40,80,0.1935873133509986,ridge,1.0,2.2559584983241226e+18,0.14043403458430934,0.07917483025687018,0.006268653746204205,0.20842829814445252,5.2193487219554964e-05,"p=80,n=p/2"
3,0,80,80,0.1935873133509986,ols,0.0,1.1038166965072645e+18,61.63739873789103,0.25449920998731806,0.06476984788416901,0.3188249721003149,4.95349121654224e-05,"p=80,n=p"
3,1,80,80,0.1935873133509986,ols,0.0,3.676891618112118e+18,62.54796054536337,0.2642050184594118,0.06980429177913813,0.3267861221375849,5.406141985938776e-05,"p=80,n=p"
3,2,80,80,0.1935873133509986,ols,0.0,6.27654547175041e+18,51.9284796861032,0.24667095808622974,0.06084656156317851,0.3132210881054989,5.141995867069954e-05,"p=80,n=p"
3,3,80,80,0.1935873133509986,ols,0.0,9.066702932724166e+17,54.90142644674821,0.2516435785630398,0.0633244906320128,0.31897474060649894,5.097955769796534e-05,"p=80,n=p"
3,4,80,80,0.1935873133509986,ols,0.0,2.4606738543294828e+20,55.64347790983386,0.2574568229715111,0.06628401569458402,0.3223294188035386,5.319147970297158e-05,"p=80,n=p"
3,5,80,80,0.1935873133509986,ols,0.0,4.734493845146833e+18,59.41913763135375,0.2567067014858394,0.06589833058773986,0.3232607811189489,5.2778650558934335e-05,"p=80,n=p"
3,6,80,80,0.1935873133509986,ols,0.0,6.080443706806143e+18,55.65340840918965,0.25580354837311026,0.06543545536027416,0.3212541450304225,5.100366917724567e-05,"p=80,n=p"
3,7,80,80,0.1935873133509986,ols,0.0,1.6050485037393134e+19,51.86400278188616,0.24429480732798717,0.05967995288741837,0.31098208655775544,5.2082988297068586e-05,"p=80,n=p"
3,8,80,80,0.1935873133509986,ols,0.0,6.152422735698778e+18,58.69484174360858,0.25851622131576313,0.06683063668338063,0.3231081065702496,5.2099859414485144e-05,"p=80,n=p"
3,9,80,80,0.1935873133509986,ols,0.0,6.313321885175822e+18,45.03562255662323,0.22817705337416588,0.05206476768651695,0.2984925010140492,5.194229560355003e-05,"p=80,n=p"
3,10,80,80,0.1935873133509986,ols,0.0,8.453842433060718e+18,53.944131757021616,0.2508830580996588,0.06294230884143676,0.31806820138075137,5.287364186321321e-05,"p=80,n=p"
3,11,80,80,0.1935873133509986,ols,0.0,6.653407091021886e+18,54.503999472638895,0.25799951260445214,0.06656374850413485,0.3228976251877309,5.1500692366644735e-05,"p=80,n=p"
3,12,80,80,0.1935873133509986,ols,0.0,1.981525491067836e+18,52.336106710950546,0.25273916559869875,0.06387708582752646,0.3178216444200385,5.2551545743175605e-05,"p=80,n=p"
3,13,80,80,0.1935873133509986,ols,0.0,4.693388550924915e+18,50.21871058473933,0.2429895333717855,0.05904391332823806,0.31165695728511567,5.18553826455672e-05,"p=80,n=p"
3,14,80,80,0.1935873133509986,ols,0.0,2.1808600053580593e+18,52.41894205105336,0.24831960654240345,0.061662626993374055,0.3159402212168412,5.3225386729263426e-05,"p=80,n=p"
3,15,80,80,0.1935873133509986,ols,0.0,1.1162510761427593e+19,52.04657701945536,0.2491497324568433,0.06207558918331659,0.31549636386251895,5.3455007188913875e-05,"p=80,n=p"
3,16,80,80,0.1935873133509986,ols,0.0,3.818531931299813e+18,43.607091148121974,0.22344164092144084,0.04992616689766611,0.29568053446027,5.388778916064256e-05,"p=80,n=p"
3,17,80,80,0.1935873133509986,ols,0.0,4.2260003367244165e+18,59.49604223620112,0.26419037047999555,0.0697965518543573,0.3282912747637895,5.3358989807119256e-05,"p=80,n=p"
3,18,80,80,0.1935873133509986,ols,0.0,6.42115512642768e+18,55.00765389687726,0.2524805823440505,0.06374644446079088,0.31864815755515263,5.249072370823809e-05,"p=80,n=p"
3,19,80,80,0.1935873133509986,ols,0.0,2.397470897943429e+18,54.05809048281998,0.2622124828917632,0.06875538618426319,0.32499529322553156,5.507487436562199e-05,"p=80,n=p"
3,20,80,80,0.1935873133509986,ols,0.0,7.965745250192397e+18,57.454247632197095,0.26225292417093454,0.06877659623620594,0.32497416264208506,5.3357859173351805e-05,"p=80,n=p"
3,21,80,80,0.1935873133509986,ols,0.0,3.2294502526505324e+18,55.12974180053496,0.2521793397184162,0.06359441938081638,0.3195638324971215,5.367051964335418e-05,"p=80,n=p"
3,22,80,80,0.1935873133509986,ols,0.0,2.2367726370789455e+18,44.60629514885032,0.2334251761444981,0.054487312858089956,0.30180274623260983,5.321217932735273e-05,"p=80,n=p"
3,23,80,80,0.1935873133509986,ols,0.0,1.434173102163848e+18,53.17450009948678,0.24969480339496564,0.062347494842450536,0.3176526225919286,5.3036793268226e-05,"p=80,n=p"
3,24,80,80,0.1935873133509986,ols,0.0,1.7547870073543322e+18,54.30695242904817,0.2558501364237192,0.06545929230803572,0.32126999591797456,5.212192427328466e-05,"p=80,n=p"
3,25,80,80,0.1935873133509986,ols,0.0,7.810678330806377e+18,60.82858794896418,0.2631825916980149,0.06926507657288403,0.32489033836743386,5.420475026576489e-05,"p=80,n=p"
3,26,80,80,0.1935873133509986,ols,0.0,2.6229141966372567e+18,61.41326067848261,0.2665340184292557,0.07104038298004683,0.3298606871502506,5.384177971728918e-05,"p=80,n=p"
3,27,80,80,0.1935873133509986,ols,0.0,2.0525156217980078e+18,56.45208557348416,0.2484137167466567,0.06170937466788819,0.31537983385400475,5.529608347290389e-05,"p=80,n=p"
3,28,80,80,0.1935873133509986,ols,0.0,4.5249700039345556e+18,55.59473123392166,0.25151189407849084,0.06325823286294999,0.3159160709401482,4.8588672004616846e-05,"p=80,n=p"
3,29,80,80,0.1935873133509986,ols,0.0,1.4957168979136596e+19,59.13757264237713,0.2535355552720632,0.06428027778711341,0.31720231651103464,5.30867978679005e-05,"p=80,n=p"
3,30,80,80,0.1935873133509986,ols,0.0,1.3399437693015757e+19,51.39325768036214,0.25114587344783496,0.06307424974987592,0.3166955545437809,5.5094289409982997e-05,"p=80,n=p"
3,31,80,80,0.1935873133509986,ols,0.0,5.383470204529326e+18,50.48905435233912,0.25894565408947884,0.06705285177182803,0.3217175446700457,5.168342300140324e-05,"p=80,n=p"
3,32,80,80,0.1935873133509986,ols,0.0,8.983168297350241e+18,51.61858892474902,0.2491338162947559,0.06206765842158918,0.31566829701947746,5.20009615172498e-05,"p=80,n=p"
3,33,80,80,0.1935873133509986,ols,0.0,1.0928117988521924e+18,50.46935410643122,0.24601166882703468,0.06052174119906258,0.3138968251196003,4.943457436408412e-05,"p=80,n=p"
3,34,80,80,0.1935873133509986,ols,0.0,1.9850369190919089e+18,46.03398459725204,0.23400631339562247,0.05475895470901028,0.3027624133151238,4.9868315317921e-05,"p=80,n=p"
3,35,80,80,0.1935873133509986,ols,0.0,3.191945458796321e+18,49.81968528950229,0.23893407829750812,0.057089493771879746,0.3068732966304064,5.512651537086751e-05,"p=80,n=p"
3,36,80,80,0.1935873133509986,ols,0.0,2.2233339555013225e+18,52.44789437995154,0.25048407453622135,0.0627422715962673,0.31672349455875753,5.2607445062874656e-05,"p=80,n=p"
3,37,80,80,0.1935873133509986,ols,0.0,9.52399149149007e+18,55.03634293002554,0.24686978722017594,0.06094469184213494,0.31259710572120175,5.1274305901782445e-05,"p=80,n=p"
3,38,80,80,0.1935873133509986,ols,0.0,2.6203490408743154e+19,49.20183582278356,0.2387581829888195,0.057005469944122616,0.30709902450846976,5.262469018074436e-05,"p=80,n=p"
3,39,80,80,0.1935873133509986,ols,0.0,1.702896049230066e+18,57.890863640248945,0.2523469264671694,0.063678971297427,0.31795812187873174,5.284161520778471e-05,"p=80,n=p"
3,40,80,80,0.1935873133509986,ols,0.0,3.294833901508731e+19,49.03481616313409,0.23567882876354557,0.05554451032735663,0.3049863839059905,5.085528410900731e-05,"p=80,n=p"
3,41,80,80,0.1935873133509986,ols,0.0,2.632332102340191e+18,57.786705772602815,0.264314575559101,0.06986219485298771,0.3264561967755875,5.296617192152111e-05,"p=80,n=p"
3,42,80,80,0.1935873133509986,ols,0.0,1.4088579541729907e+18,55.28253196843301,0.2624686054506727,0.06888976884722088,0.3236892944566623,5.0772568873250184e-05,"p=80,n=p"
3,43,80,80,0.1935873133509986,ols,0.0,7.410429408135181e+19,53.95267649234383,0.2518027513303432,0.06340462557753065,0.31618082565772004,5.671651113610574e-05,"p=80,n=p"
3,44,80,80,0.1935873133509986,ols,0.0,1.416070960477721e+18,57.23447542767265,0.25977223270484756,0.06748161288446147,0.3259424015555616,5.4457196889390504e-05,"p=80,n=p"
3,45,80,80,0.1935873133509986,ols,0.0,5.964506011692924e+18,51.60581471089317,0.24267942469025405,0.05889330316799269,0.310526712374083,5.254431181576305e-05,"p=80,n=p"
3,46,80,80,0.1935873133509986,ols,0.0,1.2225995272968907e+19,52.64330457159504,0.24360028493163866,0.059341098818775535,0.3107442048976255,5.193968132148871e-05,"p=80,n=p"
3,47,80,80,0.1935873133509986,ols,0.0,3.6055059336664796e+18,64.38988105891445,0.26086359262902115,0.0680498139593199,0.3247951818054721,5.479499687204766e-05,"p=80,n=p"
3,48,80,80,0.1935873133509986,ols,0.0,1.031285776415655e+19,49.440674711647226,0.24745055580914746,0.061231777570255996,0.31380462181739727,5.408007599618521e-05,"p=80,n=p"
3,49,80,80,0.1935873133509986,ols,0.0,1.3089325820338813e+19,53.496383006658846,0.25013129971940834,0.06256566709932047,0.3158947240486848,5.2216405538191064e-05,"p=80,n=p"
3,0,80,80,0.1935873133509986,ridge,2.154434690031882,1.1038166965072645e+18,0.07059568508770767,0.05263161015211389,0.002770086387204098,0.20021506717097245,4.95349121654224e-05,"p=80,n=p"
3,1,80,80,0.1935873133509986,ridge,2.154434690031882,3.676891618112118e+18,0.07431258126007532,0.057698981548759756,0.0033291724717641187,0.20100705530866247,5.406141985938776e-05,"p=80,n=p"
3,2,80,80,0.1935873133509986,ridge,2.154434690031882,6.27654547175041e+18,0.07207678046134233,0.0549615205945968,0.003020768746070288,0.20131380491104095,5.141995867069954e-05,"p=80,n=p"
3,3,80,80,0.1935873133509986,ridge,1.0,9.066702932724166e+17,0.19466300691895289,0.06230411073661308,0.0038818022146801454,0.20320769629903465,5.097955769796534e-05,"p=80,n=p"
3,4,80,80,0.1935873133509986,ridge,1.0,2.4606738543294828e+20,0.18318016570794626,0.05963858234102551,0.0035567605036472797,0.20263674611674282,5.319147970297158e-05,"p=80,n=p"
3,5,80,80,0.1935873133509986,ridge,1.0,4.734493845146833e+18,0.18245895074099258,0.057018395336849076,0.0032510974067892122,0.20304991817987167,5.2778650558934335e-05,"p=80,n=p"
3,6,80,80,0.1935873133509986,ridge,2.154434690031882,6.080443706806143e+18,0.07266451227917275,0.050150235753603,0.002515046146141961,0.20095074857900286,5.100366917724567e-05,"p=80,n=p"
3,7,80,80,0.1935873133509986,ridge,2.154434690031882,1.6050485037393134e+19,0.06990799393556117,0.052143886283574796,0.00271898487675438,0.20020757718930562,5.2082988297068586e-05,"p=80,n=p"
3,8,80,80,0.1935873133509986,ridge,2.154434690031882,6.152422735698778e+18,0.07177622777579919,0.05427148272325628,0.002945393836980705,0.20116009210889552,5.2099859414485144e-05,"p=80,n=p"
3,9,80,80,0.1935873133509986,ridge,2.154434690031882,6.313321885175822e+18,0.07288350579608716,0.05290750318967811,0.002799203893765799,0.2008993142300125,5.194229560355003e-05,"p=80,n=p"
3,10,80,80,0.1935873133509986,ridge,2.154434690031882,8.453842433060718e+18,0.0723975522703693,0.05423810266919459,0.0029417717811540934,0.2011763935099462,5.287364186321321e-05,"p=80,n=p"
3,11,80,80,0.1935873133509986,ridge,2.154434690031882,6.653407091021886e+18,0.07057130189922033,0.05290347382027049,0.002798777542252045,0.20068605821476382,5.1500692366644735e-05,"p=80,n=p"
3,12,80,80,0.1935873133509986,ridge,2.154434690031882,1.981525491067836e+18,0.0716751339120309,0.05582942542505366,0.003116924743291628,0.20041603503740638,5.2551545743175605e-05,"p=80,n=p"
3,13,80,80,0.1935873133509986,ridge,2.154434690031882,4.693388550924915e+18,0.06800956978703195,0.05228025228658038,0.0027332247791484925,0.20061066527640478,5.18553826455672e-05,"p=80,n=p"
3,14,80,80,0.1935873133509986,ridge,2.154434690031882,2.1808600053580593e+18,0.06820404821243184,0.05366703042431742,0.0028801501545646117,0.2006063366027817,5.3225386729263426e-05,"p=80,n=p"
3,15,80,80,0.1935873133509986,ridge,2.154434690031882,1.1162510761427593e+19,0.07208502431721196,0.056516804507001646,0.0031941491916826414,0.2015377089726943,5.3455007188913875e-05,"p=80,n=p"
3,16,80,80,0.1935873133509986,ridge,2.154434690031882,3.818531931299813e+18,0.06998731021924741,0.05333201553806147,0.0028443038813520294,0.20054835962844147,5.388778916064256e-05,"p=80,n=p"
3,17,80,80,0.1935873133509986,ridge,1.0,4.2260003367244165e+18,0.1783689768860934,0.05443681055286029,0.0029633663431680012,0.20154294516252197,5.3358989807119256e-05,"p=80,n=p"
3,18,80,80,0.1935873133509986,ridge,2.154434690031882,6.42115512642768e+18,0.07313206278146384,0.052690824530562536,0.0027763229897105304,0.200018969177598,5.249072370823809e-05,"p=80,n=p"
3,19,80,80,0.1935873133509986,ridge,2.154434690031882,2.397470897943429e+18,0.06619918958434777,0.05150952778786109,0.0026532314529284333,0.1986839243541122,5.507487436562199e-05,"p=80,n=p"
3,20,80,80,0.1935873133509986,ridge,2.154434690031882,7.965745250192397e+18,0.07217336986864326,0.0553624768743555,0.003065003845663547,0.20073388018672175,5.3357859173351805e-05,"p=80,n=p"
3,21,80,80,0.1935873133509986,ridge,1.0,3.2294502526505324e+18,0.17326017742614064,0.0550507728754268,0.003030587594181827,0.20131654796418047,5.367051964335418e-05,"p=80,n=p"
3,22,80,80,0.1935873133509986,ridge,2.154434690031882,2.2367726370789455e+18,0.07285077789203888,0.057494645143481564,0.003305634220174868,0.19996849382910536,5.321217932735273e-05,"p=80,n=p"
3,23,80,80,0.1935873133509986,ridge,2.154434690031882,1.434173102163848e+18,0.07278967694825517,0.05860207305841459,0.003434202966743761,0.20324883969745572,5.3036793268226e-05,"p=80,n=p"
3,24,80,80,0.1935873133509986,ridge,1.0,1.7547870073543322e+18,0.18094970529944462,0.06031344229924492,0.0036377113219843464,0.20338765312139892,5.212192427328466e-05,"p=80,n=p"
3,25,80,80,0.1935873133509986,ridge,2.154434690031882,7.810678330806377e+18,0.06987097415336473,0.05425208126670652,0.0029432883217693283,0.2003574254431561,5.420475026576489e-05,"p=80,n=p"
3,26,80,80,0.1935873133509986,ridge,2.154434690031882,2.6229141966372567e+18,0.06898009838608048,0.05121116038709977,0.0026225829481932566,0.19961288068005995,5.384177971728918e-05,"p=80,n=p"
3,27,80,80,0.1935873133509986,ridge,2.154434690031882,2.0525156217980078e+18,0.07642280505524285,0.05771689827472274,0.0033312403464546927,0.20273964174194606,5.529608347290389e-05,"p=80,n=p"
3,28,80,80,0.1935873133509986,ridge,1.0,4.5249700039345556e+18,0.18083511155218088,0.05799564863858572,0.00336349526101029,0.2015345531522401,4.8588672004616846e-05,"p=80,n=p"
3,29,80,80,0.1935873133509986,ridge,2.154434690031882,1.4957168979136596e+19,0.06913855678556712,0.050795894392796075,0.0025802228871640914,0.19977995797977458,5.30867978679005e-05,"p=80,n=p"
3,30,80,80,0.1935873133509986,ridge,1.0,1.3399437693015757e+19,0.18226061228615048,0.05981208295110697,0.003577485266950101,0.2034210029060943,5.5094289409982997e-05,"p=80,n=p"
3,31,80,80,0.1935873133509986,ridge,2.154434690031882,5.383470204529326e+18,0.07659456457627394,0.05822967937614575,0.0033906955602487337,0.2010787377358013,5.168342300140324e-05,"p=80,n=p"
3,32,80,80,0.1935873133509986,ridge,2.154434690031882,8.983168297350241e+18,0.07103578779643537,0.05252850591599463,0.002759243933766683,0.20064041684880113,5.20009615172498e-05,"p=80,n=p"
3,33,80,80,0.1935873133509986,ridge,2.154434690031882,1.0928117988521924e+18,0.06795892971250407,0.05019389370859594,0.0025194269656298274,0.20021707119975274,4.943457436408412e-05,"p=80,n=p"
3,34,80,80,0.1935873133509986,ridge,2.154434690031882,1.9850369190919089e+18,0.07482618849671499,0.053758691005131476,0.0028899968585852035,0.20048677358132022,4.9868315317921e-05,"p=80,n=p"
3,35,80,80,0.1935873133509986,ridge,1.0,3.191945458796321e+18,0.1843265296935752,0.05793533405686121,0.0033565029322801024,0.2016481531712653,5.512651537086751e-05,"p=80,n=p"
3,36,80,80,0.1935873133509986,ridge,1.0,2.2233339555013225e+18,0.18383830491202593,0.058576358892793945,0.0034311898211374,0.20193477719412647,5.2607445062874656e-05,"p=80,n=p"
3,37,80,80,0.1935873133509986,ridge,2.154434690031882,9.52399149149007e+18,0.07641862349029269,0.06432127249230578,0.004137226095029452,0.2043256260030375,5.1274305901782445e-05,"p=80,n=p"
3,38,80,80,0.1935873133509986,ridge,1.0,2.6203490408743154e+19,0.1888495858071674,0.058421188583481096,0.0034130352755066618,0.2026776441319524,5.262469018074436e-05,"p=80,n=p"
3,39,80,80,0.1935873133509986,ridge,2.154434690031882,1.702896049230066e+18,0.0705864329798601,0.05091422022366309,0.0025922578209836636,0.20026564381775486,5.284161520778471e-05,"p=80,n=p"
3,40,80,80,0.1935873133509986,ridge,2.154434690031882,3.294833901508731e+19,0.06826129359236136,0.05251129937558056,0.0027574365621118473,0.20064990379181305,5.085528410900731e-05,"p=80,n=p"
3,41,80,80,0.1935873133509986,ridge,1.0,2.632332102340191e+18,0.18400651406515908,0.05761791460477739,0.0033198240834034195,0.20213548432603273,5.296617192152111e-05,"p=80,n=p"
3,42,80,80,0.1935873133509986,ridge,1.0,1.4088579541729907e+18,0.18415265395130206,0.06167019868543258,0.0038032134059007303,0.20168416037401987,5.0772568873250184e-05,"p=80,n=p"
3,43,80,80,0.1935873133509986,ridge,2.154434690031882,7.410429408135181e+19,0.07485023007479379,0.06094943163000247,0.003714833216020346,0.20206929142034316,5.671651113610574e-05,"p=80,n=p"
3,44,80,80,0.1935873133509986,ridge,1.0,1.416070960477721e+18,0.1716908159070156,0.05724294066966688,0.003276754256511002,0.2024558288969789,5.4457196889390504e-05,"p=80,n=p"
3,45,80,80,0.1935873133509986,ridge,1.0,5.964506011692924e+18,0.18785415468722833,0.06317173788625312,0.003990668467569468,0.2031193624826953,5.254431181576305e-05,"p=80,n=p"
3,46,80,80,0.1935873133509986,ridge,2.154434690031882,1.2225995272968907e+19,0.06774700001971955,0.05001399158672064,0.0025013993544365626,0.19925823904541076,5.193968132148871e-05,"p=80,n=p"
3,47,80,80,0.1935873133509986,ridge,2.154434690031882,3.6055059336664796e+18,0.0728574964593818,0.052595641391700886,0.0027663014934043995,0.2025255906425756,5.479499687204766e-05,"p=80,n=p"
3,48,80,80,0.1935873133509986,ridge,2.154434690031882,1.031285776415655e+19,0.06970138477629906,0.05457368861266547,0.002978287488792173,0.20181436699506106,5.408007599618521e-05,"p=80,n=p"
3,49,80,80,0.1935873133509986,ridge,2.154434690031882,1.3089325820338813e+19,0.07225217454927728,0.05544301054746708,0.0030739274185665457,0.20055406027587844,5.2216405538191064e-05,"p=80,n=p"
3,0,160,80,0.1935873133509986,ols,0.0,6.251192012783729e+18,15.691962443467043,0.1314061851040534,0.01726758548360075,0.2340845943867444,4.872584261351348e-05,"p=80,n=2p"
3,1,160,80,0.1935873133509986,ols,0.0,1.2724890536867692e+18,15.523500414298478,0.13173753229043927,0.017354777413974534,0.23327226211295657,5.417912896342415e-05,"p=80,n=2p"
3,2,160,80,0.1935873133509986,ols,0.0,9.085811888696292e+19,14.758691584884946,0.13192204107352487,0.017403424921004784,0.23482242729039918,5.050898394283125e-05,"p=80,n=2p"
3,3,160,80,0.1935873133509986,ols,0.0,2.736969916795467e+18,14.224847483190933,0.12922553393748118,0.0166992386214271,0.2329059172205529,5.260750440175306e-05,"p=80,n=2p"
3,4,160,80,0.1935873133509986,ols,0.0,9.585363382848297e+18,14.463149957028843,0.12978443621702007,0.016843999884169753,0.23347107019956503,5.216602227573497e-05,"p=80,n=2p"
3,5,160,80,0.1935873133509986,ols,0.0,1.7210894003150986e+18,14.838243567576715,0.13157267027292305,0.01731136756274733,0.23503122604529073,5.378308524424412e-05,"p=80,n=2p"
3,6,160,80,0.1935873133509986,ols,0.0,4.1104745148910295e+18,14.008780596469704,0.12654047629144693,0.016012492140066246,0.23127632745487964,5.1199579679737285e-05,"p=80,n=2p"
3,7,160,80,0.1935873133509986,ols,0.0,3.4886618305005674e+19,12.57029392495591,0.12294817731019275,0.015116254303898595,0.23023709594193595,5.0645966668659446e-05,"p=80,n=2p"
3,8,160,80,0.1935873133509986,ols,0.0,1.367922590802901e+18,15.090432650928163,0.13351313898294653,0.017825758281079594,0.23454960771072386,5.205165963142853e-05,"p=80,n=2p"
3,9,160,80,0.1935873133509986,ols,0.0,3.56463036905804e+18,15.128918842672157,0.13082029681570975,0.017113950058950396,0.23412880214677143,5.304336800713606e-05,"p=80,n=2p"
3,10,160,80,0.1935873133509986,ols,0.0,8.116991447759325e+18,14.141372853241805,0.12876098704222425,0.016579391784087842,0.23154054384357486,5.252052668656346e-05,"p=80,n=2p"
3,11,160,80,0.1935873133509986,ols,0.0,4.189476172906664e+18,14.877771636222441,0.13345502864089137,0.017810244669541137,0.23620571789387584,5.3393705291478305e-05,"p=80,n=2p"
3,12,160,80,0.1935873133509986,ols,0.0,2.771256193166977e+18,13.727869835920764,0.12796386460166725,0.016374750643793828,0.23146603511390065,5.300894869696257e-05,"p=80,n=2p"
3,13,160,80,0.1935873133509986,ols,0.0,2.8699018199379814e+18,14.491582165846376,0.129772242932724,0.016840835035789932,0.2340328007255375,5.4316131392073037e-05,"p=80,n=2p"
3,14,160,80,0.1935873133509986,ols,0.0,1.6185070531214762e+19,15.185831389566959,0.13390201023186224,0.01792974834413374,0.2347548548528399,5.4873384288718754e-05,"p=80,n=2p"
3,15,160,80,0.1935873133509986,ols,0.0,3.784573238284287e+18,15.120924563541957,0.13444445771439206,0.018075312210116955,0.2353108267266429,5.47956303513655e-05,"p=80,n=2p"
3,16,160,80,0.1935873133509986,ols,0.0,5.217197783613964e+18,14.135639623515749,0.12851150825958146,0.016515207755152476,0.23213319116645173,5.572506815625675e-05,"p=80,n=2p"
3,17,160,80,0.1935873133509986,ols,0.0,8.124462233447808e+18,15.091848050732676,0.1297378213911907,0.0168319022993325,0.23423935116348008,5.4144862669401654e-05,"p=80,n=2p"
3,18,160,80,0.1935873133509986,ols,0.0,6.103389218337058e+18,15.78740560601874,0.13420060439324183,0.018009802219511397,0.23584708047600578,5.056041837908101e-05,"p=80,n=2p"
3,19,160,80,0.1935873133509986,ols,0.0,2.716614055046838e+18,14.781352139956523,0.1320258584709216,0.017430827304983822,0.2321865844070328,5.5722799758581794e-05,"p=80,n=2p"
3,20,160,80,0.1935873133509986,ols,0.0,5.908582382288125e+20,14.850408587451547,0.1313976693892349,0.017265347520922677,0.23302092725297702,5.0630754193261474e-05,"p=80,n=2p"
3,21,160,80,0.1935873133509986,ols,0.0,8.772884323346484e+18,13.943462582740535,0.12911674683814497,0.01667113431406562,0.23272306397307901,5.294603707126264e-05,"p=80,n=2p"
3,22,160,80,0.1935873133509986,ols,0.0,1.5134052704210446e+20,14.71419903253219,0.13148055897826547,0.017287137389237144,0.2326793358289096,5.198006313800916e-05,"p=80,n=2p"
3,23,160,80,0.1935873133509986,ols,0.0,4.663616561272485e+18,14.922029407305713,0.13277684632643894,0.017629690920394778,0.23580965962756292,5.4542058007598745e-05,"p=80,n=2p"
3,24,160,80,0.1935873133509986,ols,0.0,2.9497274197721103e+18,16.352123992784914,0.136556738079779,0.018647742714989365,0.23623141666304676,5.306719099760507e-05,"p=80,n=2p"
3,25,160,80,0.1935873133509986,ols,0.0,3.273284261992023e+18,13.617716807386168,0.12571549178417013,0.015804384874535747,0.23100469018022737,5.392278286687924e-05,"p=80,n=2p"
3,26,160,80,0.1935873133509986,ols,0.0,6.972669741575534e+18,13.595746479233377,0.12742606650432065,0.016237402424763545,0.2312440708786797,5.3081093305188136e-05,"p=80,n=2p"
3,27,160,80,0.1935873133509986,ols,0.0,1.6625832920323148e+19,15.639225500494062,0.1316486078852231,0.017331355958117224,0.23477133393356617,5.4555442393782816e-05,"p=80,n=2p"
3,28,160,80,0.1935873133509986,ols,0.0,5.096091522185155e+18,14.3233910506152,0.13052647617879426,0.017037160983653342,0.2331685946620208,4.9564448806320675e-05,"p=80,n=2p"
3,29,160,80,0.1935873133509986,ols,0.0,1.3898826815601142e+19,15.594612967818504,0.1312093704168466,0.01721589888518526,0.23314660049995475,5.5208525074807206e-05,"p=80,n=2p"
3,30,160,80,0.1935873133509986,ols,0.0,6.139264355015865e+18,15.61149367949524,0.13544051282890043,0.018344132515355542,0.23688482166391148,5.428373872544565e-05,"p=80,n=2p"
3,31,160,80,0.1935873133509986,ols,0.0,3.485038864749373e+18,15.340157874657166,0.134204915708134,0.01801095940022735,0.23582209713376157,5.556199410681035e-05,"p=80,n=2p"
3,32,160,80,0.1935873133509986,ols,0.0,2.433556088163638e+18,14.787078429085787,0.13345709809170042,0.017810797031057746,0.23553997515791023,5.238283759036412e-05,"p=80,n=2p"
3,33,160,80,0.1935873133509986,ols,0.0,4.168981707641763e+20,14.305321851241624,0.130143252097973,0.016937266066636557,0.2332829825200337,5.141040000847646e-05,"p=80,n=2p"
3,34,160,80,0.1935873133509986,ols,0.0,2.1695490082179543e+18,15.489710255090408,0.13187099209944195,0.017389958557291082,0.23423469401374086,5.099400341369978e-05,"p=80,n=2p"
3,35,160,80,0.1935873133509986,ols,0.0,1.2270431675655375e+19,14.580667939737998,0.13211066404996202,0.017453227555721925,0.23384522930941073,5.531358014080213e-05,"p=80,n=2p"
3,36,160,80,0.1935873133509986,ols,0.0,3.8746898131473193e+18,15.685911447982134,0.13413195415465748,0.017991381125347133,0.23603871336371895,5.475028222076685e-05,"p=80,n=2p"
3,37,160,80,0.1935873133509986,ols,0.0,2.5577666720700687e+18,13.892555830177203,0.12824201377725897,0.016446014097646677,0.2328010990840209,5.268275104867453e-05,"p=80,n=2p"
3,38,160,80,0.1935873133509986,ols,0.0,1.766944686653621e+18,14.913816982345606,0.1304331841971853,0.01701281553981687,0.23298236203194658,5.3098300136298544e-05,"p=80,n=2p"
3,39,160,80,0.1935873133509986,ols,0.0,3.55042627734651e+18,14.337143992452413,0.1294927059453057,0.016768360893037414,0.23222288087539947,5.1492904336831576e-05,"p=80,n=2p"
3,40,160,80,0.1935873133509986,ols,0.0,2.2595702183446943e+18,14.301374701012055,0.13029631898871752,0.016977130742009627,0.2338395434327336,5.3715904364725146e-05,"p=80,n=2p"
3,41,160,80,0.1935873133509986,ols,0.0,3.313581560606819e+18,14.803108857868692,0.13159013073274564,0.017315962506261086,0.23371799278069083,5.31735279853615e-05,"p=80,n=2p"
3,42,160,80,0.1935873133509986,ols,0.0,5.883589658025779e+18,14.647897415145916,0.13354163843665234,0.01783336919634558,0.23328367006056516,5.135574942032834e-05,"p=80,n=2p"
3,43,160,80,0.1935873133509986,ols,0.0,9.072812024474105e+18,16.082667507999478,0.13439530727274268,0.01806209861693492,0.23431153375945285,5.57690959677511e-05,"p=80,n=2p"
3,44,160,80,0.1935873133509986,ols,0.0,1.1606938735435889e+19,15.17526109046516,0.13497815578017675,0.018219102537817663,0.23664118344376164,5.455624847494501e-05,"p=80,n=2p"
3,45,160,80,0.1935873133509986,ols,0.0,2.2319580638367572e+18,14.825599991564093,0.12972448062491845,0.01682844087340484,0.2327616522230039,5.307473971967699e-05,"p=80,n=2p"
3,46,160,80,0.1935873133509986,ols,0.0,2.473348333651306e+18,14.054270404335316,0.12839896754082236,0.016486294865549155,0.23134188434496947,5.440373145955582e-05,"p=80,n=2p"
3,47,160,80,0.1935873133509986,ols,0.0,1.5313817851460426e+18,15.965459720986571,0.13291111871049058,0.01766536547687412,0.23602150746250858,5.456490779379794e-05,"p=80,n=2p"
3,48,160,80,0.1935873133509986,ols,0.0,6.384729797962484e+18,14.512857700122327,0.13256032586166389,0.017572239992550517,0.2343522754899851,5.2600662476926274e-05,"p=80,n=2p"
3,49,160,80,0.1935873133509986,ols,0.0,2.82293990127318e+18,15.23881894916291,0.13155634083758946,0.017307070814576008,0.2338529816528128,4.938845201399382e-05,"p=80,n=2p"
3,0,160,80,0.1935873133509986,ridge,2.154434690031882,6.251192012783729e+18,0.08586367338259553,0.04005381472453281,0.0016043080739872014,0.19707914626320724,4.872584261351348e-05,"p=80,n=2p"
3,1,160,80,0.1935873133509986,ridge,2.154434690031882,1.2724890536867692e+18,0.08713236674195729,0.04304364742984903,0.0018527555840651487,0.19671322056205479,5.417912896342415e-05,"p=80,n=2p"
3,2,160,80,0.1935873133509986,ridge,2.154434690031882,9.085811888696292e+19,0.09004465690824133,0.04236516013447567,0.0017948067932197667,0.1978823683380105,5.050898394283125e-05,"p=80,n=2p"
3,3,160,80,0.1935873133509986,ridge,2.154434690031882,2.736969916795467e+18,0.08805800663436272,0.040880934494888686,0.0016712508051753795,0.1976414146950511,5.260750440175306e-05,"p=80,n=2p"
3,4,160,80,0.1935873133509986,ridge,2.154434690031882,9.585363382848297e+18,0.0851311986989288,0.04084330129987357,0.0016681752610722541,0.19827004938929352,5.216602227573497e-05,"p=80,n=2p"
3,5,160,80,0.1935873133509986,ridge,2.154434690031882,1.7210894003150986e+18,0.08814419754890328,0.041983405800220974,0.0017626063625860284,0.19877133765281652,5.378308524424412e-05,"p=80,n=2p"
3,6,160,80,0.1935873133509986,ridge,2.154434690031882,4.1104745148910295e+18,0.08714327129302352,0.04277124323142209,0.0018293792475614701,0.19812878406007842,5.1199579679737285e-05,"p=80,n=2p"
3,7,160,80,0.1935873133509986,ridge,2.154434690031882,3.4886618305005674e+19,0.09113361627564184,0.04148797494259711,0.0017212520648375658,0.19815541679898024,5.0645966668659446e-05,"p=80,n=2p"
3,8,160,80,0.1935873133509986,ridge,2.154434690031882,1.367922590802901e+18,0.09133079260190959,0.04101537942760443,0.0016822613495903564,0.19712904659492705,5.205165963142853e-05,"p=80,n=2p"
3,9,160,80,0.1935873133509986,ridge,2.154434690031882,3.56463036905804e+18,0.08914790402865305,0.03925063498372636,0.0015406123466257231,0.1973008258336447,5.304336800713606e-05,"p=80,n=2p"
3,10,160,80,0.1935873133509986,ridge,2.154434690031882,8.116991447759325e+18,0.09038442151133624,0.04106355030835217,0.0016862151639265694,0.19752878571709864,5.252052668656346e-05,"p=80,n=2p"
3,11,160,80,0.1935873133509986,ridge,2.154434690031882,4.189476172906664e+18,0.09388133282526862,0.043575034319630744,0.001898783615956997,0.1985368171899185,5.3393705291478305e-05,"p=80,n=2p"
3,12,160,80,0.1935873133509986,ridge,2.154434690031882,2.771256193166977e+18,0.08619083046025494,0.04182192809221886,0.001749073669350725,0.19698362255329546,5.300894869696257e-05,"p=80,n=2p"
3,13,160,80,0.1935873133509986,ridge,2.154434690031882,2.8699018199379814e+18,0.08949911034983658,0.04199911270572101,0.001763925468067856,0.1986218754102043,5.4316131392073037e-05,"p=80,n=2p"
3,14,160,80,0.1935873133509986,ridge,2.154434690031882,1.6185070531214762e+19,0.08926233818559252,0.04146592713430895,0.0017194231131078194,0.19739100511953422,5.4873384288718754e-05,"p=80,n=2p"
3,15,160,80,0.1935873133509986,ridge,2.154434690031882,3.784573238284287e+18,0.08805739511540554,0.04287024312386247,0.0018378577454990776,0.1979868760048281,5.47956303513655e-05,"p=80,n=2p"
3,16,160,80,0.1935873133509986,ridge,2.154434690031882,5.217197783613964e+18,0.08690253998531279,0.042361220589730936,0.0017944730098518442,0.1970048745368269,5.572506815625675e-05,"p=80,n=2p"
3,17,160,80,0.1935873133509986,ridge,2.154434690031882,8.124462233447808e+18,0.08948542072964732,0.04158617994303052,0.0017294103622541143,0.19926544224444379,5.4144862669401654e-05,"p=80,n=2p"
3,18,160,80,0.1935873133509986,ridge,2.154434690031882,6.103389218337058e+18,0.09185326435217873,0.04125658770246169,0.0017021060288509133,0.1975246843961548,5.056041837908101e-05,"p=80,n=2p"
3,19,160,80,0.1935873133509986,ridge,2.154434690031882,2.716614055046838e+18,0.08796082384467714,0.04050344224217829,0.0016405288334654727,0.19604375082206552,5.5722799758581794e-05,"p=80,n=2p"
3,20,160,80,0.1935873133509986,ridge,2.154434690031882,5.908582382288125e+20,0.09326888995711342,0.04092055518743852,0.0016744918368482016,0.1972198329856477,5.0630754193261474e-05,"p=80,n=2p"
3,21,160,80,0.1935873133509986,ridge,2.154434690031882,8.772884323346484e+18,0.08690360344720023,0.04232201035519603,0.00179115256050532,0.19737581701769924,5.294603707126264e-05,"p=80,n=2p"
3,22,160,80,0.1935873133509986,ridge,2.154434690031882,1.5134052704210446e+20,0.09356750646668764,0.04183219372257903,0.0017499324316433804,0.19637814609996113,5.198006313800916e-05,"p=80,n=2p"
3,23,160,80,0.1935873133509986,ridge,2.154434690031882,4.663616561272485e+18,0.09224491877505597,0.044067726871795776,0.0019419645516471917,0.19950202246400367,5.4542058007598745e-05,"p=80,n=2p"
3,24,160,80,0.1935873133509986,ridge,2.154434690031882,2.9497274197721103e+18,0.09127656389785276,0.04179138630779176,0.0017465199695270845,0.19833218634183072,5.306719099760507e-05,"p=80,n=2p"
3,25,160,80,0.1935873133509986,ridge,2.154434690031882,3.273284261992023e+18,0.08484887223243545,0.04136956353097478,0.0017114407867433589,0.19768409722427363,5.392278286687924e-05,"p=80,n=2p"
3,26,160,80,0.1935873133509986,ridge,2.154434690031882,6.972669741575534e+18,0.08611063109997427,0.03781085879553439,0.0014296610428558407,0.1970345166787255,5.3081093305188136e-05,"p=80,n=2p"
3,27,160,80,0.1935873133509986,ridge,2.154434690031882,1.6625832920323148e+19,0.09045080250111204,0.0400100395316278,0.0016008032633224197,0.19870337880262606,5.4555442393782816e-05,"p=80,n=2p"
3,28,160,80,0.1935873133509986,ridge,2.154434690031882,5.096091522185155e+18,0.08801724879535498,0.04182794531324956,0.0017495770091281954,0.19746977384881706,4.9564448806320675e-05,"p=80,n=2p"
3,29,160,80,0.1935873133509986,ridge,2.154434690031882,1.3898826815601142e+19,0.08840537808099773,0.040965942223779826,0.0016782084222820668,0.19764673990743886,5.5208525074807206e-05,"p=80,n=2p"
3,30,160,80,0.1935873133509986,ridge,2.154434690031882,6.139264355015865e+18,0.09229466576860766,0.04161553621299363,0.0017318528542949842,0.1993948496642601,5.428373872544565e-05,"p=80,n=2p"
3,31,160,80,0.1935873133509986,ridge,2.154434690031882,3.485038864749373e+18,0.0885541571755207,0.04390443147807232,0.0019275991034127474,0.19898766507032903,5.556199410681035e-05,"p=80,n=2p"
3,32,160,80,0.1935873133509986,ridge,2.154434690031882,2.433556088163638e+18,0.08963347134918564,0.040527869214984594,0.0016425081831068962,0.1978126170774473,5.238283759036412e-05,"p=80,n=2p"
3,33,160,80,0.1935873133509986,ridge,2.154434690031882,4.168981707641763e+20,0.08958802374411054,0.03933646773830656,0.0015473576941268327,0.19693127441087255,5.141040000847646e-05,"p=80,n=2p"
3,34,160,80,0.1935873133509986,ridge,2.154434690031882,2.1695490082179543e+18,0.08802234633676848,0.040833524822335265,0.0016673767494162703,0.19852288606187904,5.099400341369978e-05,"p=80,n=2p"
3,35,160,80,0.1935873133509986,ridge,2.154434690031882,1.2270431675655375e+19,0.0883215858754791,0.043279521030775474,0.0018731169406533364,0.1979526436163457,5.531358014080213e-05,"p=80,n=2p"
3,36,160,80,0.1935873133509986,ridge,2.154434690031882,3.8746898131473193e+18,0.08903767790519236,0.0418600542576951,0.0017522641424571781,0.19827550581158107,5.475028222076685e-05,"p=80,n=2p"
3,37,160,80,0.1935873133509986,ridge,2.154434690031882,2.5577666720700687e+18,0.09066839448977523,0.042963602025499474,0.0018458710990055028,0.19895875242750527,5.268275104867453e-05,"p=80,n=2p"
3,38,160,80,0.1935873133509986,ridge,2.154434690031882,1.766944686653621e+18,0.09067277427166019,0.040200619768926554,0.0016160898298058087,0.19754919586273662,5.3098300136298544e-05,"p=80,n=2p"
3,39,160,80,0.1935873133509986,ridge,2.154434690031882,3.55042627734651e+18,0.09096099784073941,0.04101715249916586,0.0016824067991398283,0.1974570258959691,5.1492904336831576e-05,"p=80,n=2p"
3,40,160,80,0.1935873133509986,ridge,2.154434690031882,2.2595702183446943e+18,0.08825114750185822,0.040318549683247364,0.001625585448560486,0.19782752777572726,5.3715904364725146e-05,"p=80,n=2p"
3,41,160,80,0.1935873133509986,ridge,2.154434690031882,3.313581560606819e+18,0.08818709604578362,0.04280118723065958,0.0018319416283539766,0.19858328204745465,5.31735279853615e-05,"p=80,n=2p"
3,42,160,80,0.1935873133509986,ridge,2.154434690031882,5.883589658025779e+18,0.0939569482158176,0.042904933038358455,0.0018408332790260228,0.19729999226320694,5.135574942032834e-05,"p=80,n=2p"
3,43,160,80,0.1935873133509986,ridge,2.154434690031882,9.072812024474105e+18,0.09129690057139754,0.0449651494197529,0.002021864662340705,0.19790202927952286,5.57690959677511e-05,"p=80,n=2p"
3,44,160,80,0.1935873133509986,ridge,2.154434690031882,1.1606938735435889e+19,0.08781657612461828,0.04417120201766116,0.0019510950876850328,0.19917431061761662,5.455624847494501e-05,"p=80,n=2p"
3,45,160,80,0.1935873133509986,ridge,2.154434690031882,2.2319580638367572e+18,0.08958082207247393,0.04380067852790896,0.0019184994395052253,0.1981007779728968,5.307473971967699e-05,"p=80,n=2p"
3,46,160,80,0.1935873133509986,ridge,2.154434690031882,2.473348333651306e+18,0.09022036288229326,0.04081490684957288,0.0016658566211393115,0.19657368625838303,5.440373145955582e-05,"p=80,n=2p"
3,47,160,80,0.1935873133509986,ridge,2.154434690031882,1.5313817851460426e+18,0.08841116506862211,0.0410710488543031,0.0016868310539925517,0.19935689877289325,5.456490779379794e-05,"p=80,n=2p"
3,48,160,80,0.1935873133509986,ridge,2.154434690031882,6.384729797962484e+18,0.0924064326171641,0.04351481629217158,0.0018935392369414416,0.1983416277593856,5.2600662476926274e-05,"p=80,n=2p"
3,49,160,80,0.1935873133509986,ridge,2.154434690031882,2.82293990127318e+18,0.09326219314146057,0.04366320761266553,0.0019064756990267333,0.19817391738245996,4.938845201399382e-05,"p=80,n=2p"
3,0,80,160,0.1935873133509986,ols,0.0,4.3127116009809084e+19,62.466282287415694,0.25966166703242505,0.06742418132605799,0.32406589409340625,1.2221072930283886e-05,"p=160,n=p/2"
3,1,80,160,0.1935873133509986,ols,0.0,5.17875311488827e+18,60.890019722865546,0.25917235931373367,0.06717031183224707,0.32325922915180333,1.3725967612643063e-05,"p=160,n=p/2"
3,2,80,160,0.1935873133509986,ols,0.0,5.936421862737978e+20,53.72304238635463,0.24880561077487515,0.06190423195305867,0.3150474004909985,1.2583559924358441e-05,"p=160,n=p/2"
3,3,80,160,0.1935873133509986,ols,0.0,2.2907610873907143e+19,55.59173715932847,0.2501841371908241,0.06259210250191709,0.3155408388680427,1.2576719384786818e-05,"p=160,n=p/2"
3,4,80,160,0.1935873133509986,ols,0.0,1.151013834684676e+19,51.29192116670701,0.24354855763158284,0.05931589992442443,0.31087830781174314,1.3191683916028714e-05,"p=160,n=p/2"
3,5,80,160,0.1935873133509986,ols,0.0,3.64097581788182e+18,58.58101020512774,0.25627358746795476,0.06567615163369545,0.3213271432975937,1.3320898569543891e-05,"p=160,n=p/2"
3,6,80,160,0.1935873133509986,ols,0.0,3.899989264388522e+20,53.89130066100181,0.2496820414698008,0.062341121832527324,0.3157048409479871,1.2904004187551258e-05,"p=160,n=p/2"
3,7,80,160,0.1935873133509986,ols,0.0,6.637742574607535e+18,53.087103793020134,0.2444944759926164,0.05977754879090408,0.31132857889075,1.2488372917862024e-05,"p=160,n=p/2"
3,8,80,160,0.1935873133509986,ols,0.0,3.535723366700356e+18,54.28070974868856,0.2567801227446232,0.06593603143674376,0.32120985127190277,1.2892022294137581e-05,"p=160,n=p/2"
3,9,80,160,0.1935873133509986,ols,0.0,4.4242655839644575e+18,49.19019743097505,0.23728753344387812,0.05630537352787958,0.30617082733904394,1.273748600031393e-05,"p=160,n=p/2"
3,10,80,160,0.1935873133509986,ols,0.0,2.5541585214972815e+18,55.13279147300314,0.25367060117437806,0.06434877390017038,0.31831364196746054,1.3329718477190263e-05,"p=160,n=p/2"
3,11,80,160,0.1935873133509986,ols,0.0,2.655228754273681e+18,59.03155061209698,0.2630175293832281,0.06917822076285726,0.32763596316593135,1.3196091226909114e-05,"p=160,n=p/2"
3,12,80,160,0.1935873133509986,ols,0.0,3.8329628077875297e+18,52.788144707019974,0.2528820548846988,0.06394933368270782,0.31766531451808,1.2660917763980317e-05,"p=160,n=p/2"
3,13,80,160,0.1935873133509986,ols,0.0,5.65398729723618e+18,51.45099041353046,0.24629556961146548,0.06066150761023623,0.3147678349906719,1.346915426052222e-05,"p=160,n=p/2"
3,14,80,160,0.1935873133509986,ols,0.0,4.290368549984303e+19,56.00190091502505,0.2565281344481267,0.06580668376343617,0.32042163070450586,1.3598157360745327e-05,"p=160,n=p/2"
3,15,80,160,0.1935873133509986,ols,0.0,4.944403961046213e+18,53.63094012059553,0.254332439079174,0.06468498956796176,0.31893157642107034,1.3570111836052475e-05,"p=160,n=p/2"
3,16,80,160,0.1935873133509986,ols,0.0,2.553020195999352e+18,44.530558589297634,0.22873307429686923,0.0523188192772971,0.29821897777837164,1.3657400700865692e-05,"p=160,n=p/2"
3,17,80,160,0.1935873133509986,ols,0.0,5.093910405337041e+19,55.809442953317365,0.2534989699196931,0.06426172775034547,0.3193757805873329,1.3202037303247817e-05,"p=160,n=p/2"
3,18,80,160,0.1935873133509986,ols,0.0,2.1052826811485102e+19,62.94813763615982,0.2625185306564274,0.0689159789380096,0.3254123666570791,1.269372786648493e-05,"p=160,n=p/2"
3,19,80,160,0.1935873133509986,ols,0.0,3.738367346674018e+19,52.08297053340004,0.25539316510937965,0.06522566878458687,0.3198224353547153,1.3855031222758762e-05,"p=160,n=p/2"
3,20,80,160,0.1935873133509986,ols,0.0,2.6125827955626512e+19,56.64358994583742,0.2624782525931305,0.06889483308434323,0.3261965422507406,1.2898886455598896e-05,"p=160,n=p/2"
3,21,80,160,0.1935873133509986,ols,0.0,3.2120350553919783e+19,52.95532269627632,0.2511814865861019,0.0630921392036041,0.31766870626125787,1.3409537919908413e-05,"p=160,n=p/2"
3,22,80,160,0.1935873133509986,ols,0.0,7.611896697215846e+19,46.143412028201766,0.23839636685922788,0.05683282773167956,0.3071788661182887,1.2967790935568686e-05,"p=160,n=p/2"
3,23,80,160,0.1935873133509986,ols,0.0,1.0383611874297127e+19,52.34370016081607,0.24929791257595685,0.06214944921472942,0.31534128206359613,1.3517386704994323e-05,"p=160,n=p/2"
3,24,80,160,0.1935873133509986,ols,0.0,1.656875068223712e+19,50.53059811299578,0.24866406137091554,0.06183381541747845,0.31532009371241465,1.295272756162488e-05,"p=160,n=p/2"
3,25,80,160,0.1935873133509986,ols,0.0,4.75344527213919e+18,60.51233521126324,0.26346471443551606,0.06941365575258801,0.32570082650638016,1.3508486005604219e-05,"p=160,n=p/2"
3,26,80,160,0.1935873133509986,ols,0.0,1.5736173379153406e+19,64.97040978907503,0.26776731355231576,0.07169933420702419,0.3303500302722746,1.3224568172406912e-05,"p=160,n=p/2"
3,27,80,160,0.1935873133509986,ols,0.0,1.321311536434203e+19,56.65476775657839,0.25456529117168,0.0648034874693222,0.3207627889777303,1.3618979034302587e-05,"p=160,n=p/2"
3,28,80,160,0.1935873133509986,ols,0.0,3.477468196951342e+20,54.88386511085674,0.2484929668708207,0.061748754584262794,0.3144369216531173,1.2057530173566897e-05,"p=160,n=p/2"
3,29,80,160,0.1935873133509986,ols,0.0,3.8218561080351135e+18,54.999215217146975,0.24947611166189637,0.062238330289938984,0.31546948394659746,1.3514860875986352e-05,"p=160,n=p/2"
3,30,80,160,0.1935873133509986,ols,0.0,3.0679002688396984e+18,51.2854607663893,0.25044734260659274,0.06272387141870404,0.3185289768421549,1.3549195517242558e-05,"p=160,n=p/2"
3,31,80,160,0.1935873133509986,ols,0.0,3.451078280561025e+18,55.41621565072432,0.2702832105412255,0.07305301390047245,0.3331480537078629,1.3067897687502194e-05,"p=160,n=p/2"
3,32,80,160,0.1935873133509986,ols,0.0,3.499440112370079e+20,52.18198130957901,0.24728162967941444,0.061148204376907066,0.3132399098886336,1.2845207399482269e-05,"p=160,n=p/2"
3,33,80,160,0.1935873133509986,ols,0.0,5.176721570957633e+18,49.908740029319226,0.24410930805916542,0.05958935428112452,0.3105437037085944,1.2671522740436716e-05,"p=160,n=p/2"
3,34,80,160,0.1935873133509986,ols,0.0,8.099046110575407e+18,49.2350422887502,0.23801445156566897,0.05665087915410619,0.30661867829967665,1.2654225949235184e-05,"p=160,n=p/2"
3,35,80,160,0.1935873133509986,ols,0.0,1.4464106778954099e+19,49.51165824876777,0.2399503523559118,0.05757617159572623,0.3075378116180378,1.37402022348762e-05,"p=160,n=p/2"
3,36,80,160,0.1935873133509986,ols,0.0,1.36511094282732e+19,55.61975444306716,0.2574803551894099,0.06629613330846469,0.3228782796583262,1.3347444491795726e-05,"p=160,n=p/2"
3,37,80,160,0.1935873133509986,ols,0.0,3.1912595789960507e+19,52.720520958578106,0.24515164722726357,0.06009933013824068,0.3127650863419002,1.2336617433881687e-05,"p=160,n=p/2"
3,38,80,160,0.1935873133509986,ols,0.0,5.525269867337668e+18,51.42570892738785,0.24498491154835178,0.06001760688635375,0.31252224856531463,1.3258854587734499e-05,"p=160,n=p/2"
3,39,80,160,0.1935873133509986,ols,0.0,6.9675202600166785e+19,52.8071161721174,0.2488322365239307,0.06191748193350139,0.3148665548903748,1.2880853190965606e-05,"p=160,n=p/2"
3,40,80,160,0.1935873133509986,ols,0.0,3.295389239113753e+18,47.368889368442176,0.23872427750308323,0.05698928066936909,0.30790787498178007,1.3212005068665014e-05,"p=160,n=p/2"
3,41,80,160,0.1935873133509986,ols,0.0,8.58664707233261e+18,56.09784539008624,0.25912495988637535,0.06714574483611564,0.3234935524019702,1.3183207958148662e-05,"p=160,n=p/2"
3,42,80,160,0.1935873133509986,ols,0.0,8.696087925297315e+18,50.43624903542234,0.2507688716702061,0.06288502699874832,0.31703830845502523,1.2793605561629533e-05,"p=160,n=p/2"
3,43,80,160,0.1935873133509986,ols,0.0,9.193827890010377e+19,54.8770528955829,0.2542287946067668,0.06463228000720962,0.31889685055136335,1.3770941716945049e-05,"p=160,n=p/2"
3,44,80,160,0.1935873133509986,ols,0.0,3.877417217072295e+18,61.63181051309111,0.2655055334433345,0.07049318828902962,0.3292912211397256,1.3260815694332075e-05,"p=160,n=p/2"
3,45,80,160,0.1935873133509986,ols,0.0,5.268569151651836e+18,55.43360390344335,0.2509168621482902,0.06295927171034406,0.3176473665151038,1.2836577685760233e-05,"p=160,n=p/2"
3,46,80,160,0.1935873133509986,ols,0.0,4.673055787217073e+18,57.44227782271324,0.25204716642245,0.06352777410158622,0.3183631560544072,1.3280553390048678e-05,"p=160,n=p/2"
3,47,80,160,0.1935873133509986,ols,0.0,1.8970939618222218e+18,64.33628087249176,0.2612026082459757,0.06822680255450064,0.3253123001601886,1.4158611865919914e-05,"p=160,n=p/2"
3,48,80,160,0.1935873133509986,ols,0.0,1.2848418730041125e+19,50.39171817287443,0.2525263150326448,0.06376953978396656,0.31812010189873763,1.3199150137422528e-05,"p=160,n=p/2"
3,49,80,160,0.1935873133509986,ols,0.0,1.1728966804418757e+19,56.550982188003466,0.25390395668596855,0.0644672192207902,0.31907956768316187,1.2702261882725967e-05,"p=160,n=p/2"
3,0,80,160,0.1935873133509986,ridge,2.154434690031882,4.3127116009809084e+19,0.07225069900422375,0.05160854229679445,0.0026634416380000216,0.2000759749622495,1.2221072930283886e-05,"p=160,n=p/2"
3,1,80,160,0.1935873133509986,ridge,2.154434690031882,5.17875311488827e+18,0.07274207608693128,0.056134763688210125,0.0031511116943311944,0.20034814391339473,1.3725967612643063e-05,"p=160,n=p/2"
3,2,80,160,0.1935873133509986,ridge,2.154434690031882,5.936421862737978e+20,0.06770094838280916,0.050466591842151506,0.002546876892162313,0.20004486750896497,1.2583559924358441e-05,"p=160,n=p/2"
3,3,80,160,0.1935873133509986,ridge,2.154434690031882,2.2907610873907143e+19,0.07248442773596395,0.05870043560919128,0.003445741140708812,0.20219275356019972,1.2576719384786818e-05,"p=160,n=p/2"
3,4,80,160,0.1935873133509986,ridge,1.0,1.151013834684676e+19,0.1854883866393489,0.06359046066040733,0.004043746687002811,0.20301824573363114,1.3191683916028714e-05,"p=160,n=p/2"
3,5,80,160,0.1935873133509986,ridge,2.154434690031882,3.64097581788182e+18,0.069806948821106,0.053330603179396856,0.0028441532354782943,0.20191463174737959,1.3320898569543891e-05,"p=160,n=p/2"
3,6,80,160,0.1935873133509986,ridge,1.0,3.899989264388522e+20,0.17775484447672063,0.05524780869303714,0.0030523203653824295,0.2010773618488182,1.2904004187551258e-05,"p=160,n=p/2"
3,7,80,160,0.1935873133509986,ridge,2.154434690031882,6.637742574607535e+18,0.0726164521125145,0.05440860680427475,0.0029602964943821726,0.20085579779910326,1.2488372917862024e-05,"p=160,n=p/2"
3,8,80,160,0.1935873133509986,ridge,2.154434690031882,3.535723366700356e+18,0.07252782943647722,0.053258109388688794,0.0028364262156575417,0.19992901578561106,1.2892022294137581e-05,"p=160,n=p/2"
3,9,80,160,0.1935873133509986,ridge,2.154434690031882,4.4242655839644575e+18,0.07123167534089532,0.05325160929920213,0.0028357338929548706,0.2007066019148105,1.273748600031393e-05,"p=160,n=p/2"
3,10,80,160,0.1935873133509986,ridge,1.0,2.5541585214972815e+18,0.19001833786885292,0.05954622630903639,0.0035457530676469774,0.2022028730763187,1.3329718477190263e-05,"p=160,n=p/2"
3,11,80,160,0.1935873133509986,ridge,2.154434690031882,2.655228754273681e+18,0.07142978729897599,0.05208134924396072,0.002712466939071408,0.20123514334741394,1.3196091226909114e-05,"p=160,n=p/2"
3,12,80,160,0.1935873133509986,ridge,2.154434690031882,3.8329628077875297e+18,0.07274923386155016,0.057936529783194156,0.0033566414833189435,0.20118718362966098,1.2660917763980317e-05,"p=160,n=p/2"
3,13,80,160,0.1935873133509986,ridge,2.154434690031882,5.65398729723618e+18,0.07136710356130714,0.054965296825664145,0.003021183855133365,0.20162189073535164,1.346915426052222e-05,"p=160,n=p/2"
3,14,80,160,0.1935873133509986,ridge,2.154434690031882,4.290368549984303e+19,0.07161569771770404,0.054601813573612344,0.0029813580455275174,0.20080021490709393,1.3598157360745327e-05,"p=160,n=p/2"
3,15,80,160,0.1935873133509986,ridge,2.154434690031882,4.944403961046213e+18,0.07089434410383909,0.0569925956016305,0.0032481559534109925,0.20129946860757714,1.3570111836052475e-05,"p=160,n=p/2"
3,16,80,160,0.1935873133509986,ridge,1.0,2.553020195999352e+18,0.183262538831104,0.057148851876228715,0.00326599127077113,0.20110932068399492,1.3657400700865692e-05,"p=160,n=p/2"
3,17,80,160,0.1935873133509986,ridge,1.0,5.093910405337041e+19,0.17837854501073316,0.054299963039464674,0.00294848598608723,0.2018124722938702,1.3202037303247817e-05,"p=160,n=p/2"
3,18,80,160,0.1935873133509986,ridge,2.154434690031882,2.1052826811485102e+19,0.0717897139562616,0.05099404388982452,0.0026003925122373497,0.20020170695074582,1.269372786648493e-05,"p=160,n=p/2"
3,19,80,160,0.1935873133509986,ridge,1.0,3.738367346674018e+19,0.18130679593073393,0.05898708982244911,0.0034794767657216788,0.20163267331596452,1.3855031222758762e-05,"p=160,n=p/2"
3,20,80,160,0.1935873133509986,ridge,2.154434690031882,2.6125827955626512e+19,0.07340684759477592,0.05523695835959333,0.0030511215688194477,0.2016896545305466,1.2898886455598896e-05,"p=160,n=p/2"
3,21,80,160,0.1935873133509986,ridge,1.0,3.2120350553919783e+19,0.17775686655085682,0.05784781454760654,0.003346369647934279,0.20223358113748516,1.3409537919908413e-05,"p=160,n=p/2"
3,22,80,160,0.1935873133509986,ridge,2.154434690031882,7.611896697215846e+19,0.07258481089845965,0.054211440248851404,0.002938880253854786,0.20037551839412293,1.2967790935568686e-05,"p=160,n=p/2"
3,23,80,160,0.1935873133509986,ridge,2.154434690031882,1.0383611874297127e+19,0.07265764242834692,0.05831675292963431,0.003400843672256012,0.2020097496685245,1.3517386704994323e-05,"p=160,n=p/2"
3,24,80,160,0.1935873133509986,ridge,1.0,1.656875068223712e+19,0.1796313050463106,0.05860244373263285,0.003434246411436399,0.20348591215308298,1.295272756162488e-05,"p=160,n=p/2"
3,25,80,160,0.1935873133509986,ridge,2.154434690031882,4.75344527213919e+18,0.07166372781576621,0.05412898895357263,0.0029299474451359884,0.20061687437591183,1.3508486005604219e-05,"p=160,n=p/2"
3,26,80,160,0.1935873133509986,ridge,2.154434690031882,1.5736173379153406e+19,0.07266327907837083,0.051151573363666304,0.0026164834575785364,0.19991291815462672,1.3224568172406912e-05,"p=160,n=p/2"
3,27,80,160,0.1935873133509986,ridge,2.154434690031882,1.321311536434203e+19,0.07587524567097054,0.056511254811401374,0.0031935219203591348,0.20227173827737663,1.3618979034302587e-05,"p=160,n=p/2"
3,28,80,160,0.1935873133509986,ridge,2.154434690031882,3.477468196951342e+20,0.07397728342530242,0.05588400744070059,0.0031230222876322783,0.20127470625161575,1.2057530173566897e-05,"p=160,n=p/2"
3,29,80,160,0.1935873133509986,ridge,2.154434690031882,3.8218561080351135e+18,0.0708246122099288,0.051470040002362494,0.0026491650178447953,0.19959633568144333,1.3514860875986352e-05,"p=160,n=p/2"
3,30,80,160,0.1935873133509986,ridge,2.154434690031882,3.0679002688396984e+18,0.06990545298491865,0.05509075628164319,0.0030349914276834086,0.20216236049549385,1.3549195517242558e-05,"p=160,n=p/2"
3,31,80,160,0.1935873133509986,ridge,2.154434690031882,3.451078280561025e+18,0.07261582985268439,0.05554575886347599,0.0030853313277194217,0.20183663806502083,1.3067897687502194e-05,"p=160,n=p/2"
3,32,80,160,0.1935873133509986,ridge,2.154434690031882,3.499440112370079e+20,0.07065102498235339,0.05307107035014233,0.002816538508109756,0.20064654120558847,1.2845207399482269e-05,"p=160,n=p/2"
3,33,80,160,0.1935873133509986,ridge,2.154434690031882,5.176721570957633e+18,0.07071637340311356,0.05320318232884125,0.0028305786099159258,0.20029732541315245,1.2671522740436716e-05,"p=160,n=p/2"
3,34,80,160,0.1935873133509986,ridge,2.154434690031882,8.099046110575407e+18,0.07410081556646889,0.05215134674132832,0.002719762966934256,0.20049330338522348,1.2654225949235184e-05,"p=160,n=p/2"
3,35,80,160,0.1935873133509986,ridge,2.154434690031882,1.4464106778954099e+19,0.07166851115603448,0.05445851782529316,0.0029657301637277724,0.20051891312651823,1.37402022348762e-05,"p=160,n=p/2"
3,36,80,160,0.1935873133509986,ridge,1.0,1.36511094282732e+19,0.1781514597499995,0.05675628695307673,0.003221276108699988,0.20177114260596485,1.3347444491795726e-05,"p=160,n=p/2"
3,37,80,160,0.1935873133509986,ridge,2.154434690031882,3.1912595789960507e+19,0.07283651445200015,0.05833029044741965,0.0034024227836803363,0.20277915664330998,1.2336617433881687e-05,"p=160,n=p/2"
3,38,80,160,0.1935873133509986,ridge,1.0,5.525269867337668e+18,0.1869570683688545,0.05748860809888161,0.003304940061146796,0.20198585919059012,1.3258854587734499e-05,"p=160,n=p/2"
3,39,80,160,0.1935873133509986,ridge,2.154434690031882,6.9675202600166785e+19,0.07135758596453685,0.051078872240470106,0.0026090511893582676,0.19950043897316158,1.2880853190965606e-05,"p=160,n=p/2"
3,40,80,160,0.1935873133509986,ridge,2.154434690031882,3.295389239113753e+18,0.0718339404898308,0.05671308986293494,0.003216374561801334,0.2018374044551124,1.3212005068665014e-05,"p=160,n=p/2"
3,41,80,160,0.1935873133509986,ridge,1.0,8.58664707233261e+18,0.1800424488742485,0.0581959311458536,0.0033867664019329334,0.2023125282186758,1.3183207958148662e-05,"p=160,n=p/2"
3,42,80,160,0.1935873133509986,ridge,2.154434690031882,8.696087925297315e+18,0.07500332273548757,0.05963770775863879,0.0035566561867048053,0.20264079484825953,1.2793605561629533e-05,"p=160,n=p/2"
3,43,80,160,0.1935873133509986,ridge,2.154434690031882,9.193827890010377e+19,0.0744790824261094,0.06057326740140963,0.0036691207236826742,0.20269803370308637,1.3770941716945049e-05,"p=160,n=p/2"
3,44,80,160,0.1935873133509986,ridge,1.0,3.877417217072295e+18,0.17808544383445643,0.059665797222063645,0.003560007358144418,0.20322692702588593,1.3260815694332075e-05,"p=160,n=p/2"
3,45,80,160,0.1935873133509986,ridge,2.154434690031882,5.268569151651836e+18,0.07949800954697589,0.06300838558526509,0.003970056654061442,0.2040769509904771,1.2836577685760233e-05,"p=160,n=p/2"
3,46,80,160,0.1935873133509986,ridge,2.154434690031882,4.673055787217073e+18,0.06850802693621319,0.05016433275201225,0.002516460280454609,0.19908775106832502,1.3280553390048678e-05,"p=160,n=p/2"
3,47,80,160,0.1935873133509986,ridge,2.154434690031882,1.8970939618222218e+18,0.07131265382261116,0.0531119808895911,0.00282088251401629,0.20104664816872017,1.4158611865919914e-05,"p=160,n=p/2"
3,48,80,160,0.1935873133509986,ridge,2.154434690031882,1.2848418730041125e+19,0.07259947838608259,0.05666383968234817,0.0032107907275468555,0.2015224898794663,1.3199150137422528e-05,"p=160,n=p/2"
3,49,80,160,0.1935873133509986,ridge,2.154434690031882,1.1728966804418757e+19,0.07425969665796116,0.0595976661114262,0.0035518818059290394,0.20274801212082466,1.2702261882725967e-05,"p=160,n=p/2"
3,0,160,160,0.1935873133509986,ols,0.0,6.188940798638608e+18,14.943187815857904,0.13235691998314633,0.017518354267425,0.23445220675161793,1.2574892559467991e-05,"p=160,n=p"
3,1,160,160,0.1935873133509986,ols,0.0,1.5482965140661527e+19,14.785745102449953,0.12869190417070592,0.016561606199082157,0.23168090617202597,1.30573725320983e-05,"p=160,n=p"
3,2,160,160,0.1935873133509986,ols,0.0,9.981912463906116e+18,14.613399875202779,0.13031670877746201,0.016982444586589842,0.23374880955404043,1.2639700236448782e-05,"p=160,n=p"
3,3,160,160,0.1935873133509986,ols,0.0,7.762933568009906e+18,14.733995551367716,0.1310858649670088,0.017183503994148863,0.23411169917576763,1.3083657640868735e-05,"p=160,n=p"
3,4,160,160,0.1935873133509986,ols,0.0,4.4317361380279373e+18,14.6106458894884,0.13019116443810297,0.016949739297749164,0.23338497240671213,1.259964177720729e-05,"p=160,n=p"
3,5,160,160,0.1935873133509986,ols,0.0,5.878324319088912e+18,15.193146203132766,0.130517332554843,0.01703477409723148,0.23452350678269238,1.3410263134467691e-05,"p=160,n=p"
3,6,160,160,0.1935873133509986,ols,0.0,8.678536782749191e+18,14.40033136959614,0.1300353501377915,0.01690919228545803,0.23360021538145,1.2821494524089074e-05,"p=160,n=p"
3,7,160,160,0.1935873133509986,ols,0.0,1.8699423218448212e+18,13.25666924712195,0.12566983577879204,0.01579290762466856,0.23055632181450098,1.2375522255827825e-05,"p=160,n=p"
3,8,160,160,0.1935873133509986,ols,0.0,1.9579568582408064e+18,15.129257476191164,0.13252506402212005,0.017562892594067018,0.23377367141080413,1.276464945502958e-05,"p=160,n=p"
3,9,160,160,0.1935873133509986,ols,0.0,5.383421898398558e+19,14.557954691513821,0.1295925644944288,0.01679423277224269,0.23358082158624002,1.3073371892940413e-05,"p=160,n=p"
3,10,160,160,0.1935873133509986,ols,0.0,2.0197087126815409e+18,14.58518128730092,0.12884636685398046,0.016601386251470514,0.23263648341928478,1.2942878057094451e-05,"p=160,n=p"
3,11,160,160,0.1935873133509986,ols,0.0,8.234972650535052e+18,14.43571482261532,0.1302596390700118,0.016967573570649746,0.23447632173462238,1.3903664783481951e-05,"p=160,n=p"
3,12,160,160,0.1935873133509986,ols,0.0,4.4347129096081613e+18,13.886871265060707,0.1289069404171349,0.01661699928770677,0.2317684684484301,1.2515276656561749e-05,"p=160,n=p"
3,13,160,160,0.1935873133509986,ols,0.0,1.7970722285392792e+19,14.202573698806884,0.131742901072115,0.01735619198289708,0.23516492878005482,1.3694364560167197e-05,"p=160,n=p"
3,14,160,160,0.1935873133509986,ols,0.0,7.908002768544756e+18,15.115878470980372,0.1312650738502464,0.017230519612910646,0.23359801040777148,1.3310821941617814e-05,"p=160,n=p"
3,15,160,160,0.1935873133509986,ols,0.0,1.053529226824074e+19,15.307145658130441,0.13491691594123553,0.018202574207094414,0.23587091331835486,1.3516007526014634e-05,"p=160,n=p"
3,16,160,160,0.1935873133509986,ols,0.0,4.491660041206902e+19,14.11339520512418,0.13006716702924687,0.016917467939014,0.2323595427698168,1.3545133583144283e-05,"p=160,n=p"
3,17,160,160,0.1935873133509986,ols,0.0,3.5176094277887963e+19,15.169795631213368,0.13304529818421434,0.01770105136892651,0.2354765142270111,1.2817153124963473e-05,"p=160,n=p"
3,18,160,160,0.1935873133509986,ols,0.0,4.68664844758327e+19,15.475491415687168,0.13353583019686657,0.01783181794636638,0.23502245870278918,1.3010350880454645e-05,"p=160,n=p"
3,19,160,160,0.1935873133509986,ols,0.0,9.194886065926523e+18,15.55778097804634,0.13262878415418955,0.017590394386218598,0.23450236326258508,1.2458957648080301e-05,"p=160,n=p"
3,20,160,160,0.1935873133509986,ols,0.0,2.392022552891986e+18,14.420568291226807,0.1280563098987093,0.016398418504874276,0.23119253861135647,1.2888617602123574e-05,"p=160,n=p"
3,21,160,160,0.1935873133509986,ols,0.0,6.621630248431596e+19,14.697540059771605,0.13034966360702993,0.016991034802465867,0.23351760585808937,1.3467152874702336e-05,"p=160,n=p"
3,22,160,160,0.1935873133509986,ols,0.0,2.1348277679593157e+19,14.03656120964971,0.12802785772056047,0.01639113235251607,0.231529241703368,1.2618129468773578e-05,"p=160,n=p"
3,23,160,160,0.1935873133509986,ols,0.0,4.759349170377848e+18,14.096586548227611,0.1298792857398434,0.016868628864291885,0.23268860454256812,1.305428567070787e-05,"p=160,n=p"
3,24,160,160,0.1935873133509986,ols,0.0,1.346026829275592e+19,15.077090653557597,0.13262238768051612,0.017588697714081118,0.2353812204501788,1.2751934654243038e-05,"p=160,n=p"
3,25,160,160,0.1935873133509986,ols,0.0,7.006942357005223e+18,14.444069673162325,0.1292464953929848,0.016704656571368843,0.2325317968578885,1.2924290604420375e-05,"p=160,n=p"
3,26,160,160,0.1935873133509986,ols,0.0,4.729370322444362e+19,14.773927244251235,0.1308595668716448,0.017124226241834475,0.23348193699274603,1.3347309526240973e-05,"p=160,n=p"
3,27,160,160,0.1935873133509986,ols,0.0,1.04929621343998e+19,14.820367006250184,0.13119933432938224,0.017213265328473018,0.23452731607565622,1.3591565974048737e-05,"p=160,n=p"
3,28,160,160,0.1935873133509986,ols,0.0,1.3557257088172112e+19,13.954986066240146,0.1278731790978516,0.01635154993259123,0.23242378730139432,1.2916532239314594e-05,"p=160,n=p"
3,29,160,160,0.1935873133509986,ols,0.0,4.2758639076386657e+18,15.395965250217989,0.13217801551579672,0.0174710277856942,0.2335773114366733,1.3252134296200548e-05,"p=160,n=p"
3,30,160,160,0.1935873133509986,ols,0.0,9.916861631378897e+18,16.07492293387165,0.13691042450388252,0.01874446433783332,0.23803976210566952,1.3371096647471633e-05,"p=160,n=p"
3,31,160,160,0.1935873133509986,ols,0.0,3.707371570459216e+19,15.123509458112819,0.13288624327047624,0.017658753650540194,0.2346565533693579,1.3440672318192394e-05,"p=160,n=p"
3,32,160,160,0.1935873133509986,ols,0.0,3.1846974835529554e+18,14.262851301876156,0.12954200052656598,0.016781129900424817,0.23294743025253942,1.3328886714483435e-05,"p=160,n=p"
3,33,160,160,0.1935873133509986,ols,0.0,1.2510660726490997e+20,14.191976467850731,0.12946836957799104,0.016762058721183276,0.23199890689718827,1.3379887625671246e-05,"p=160,n=p"
3,34,160,160,0.1935873133509986,ols,0.0,6.876237625846571e+19,14.813647787558336,0.13082861801840778,0.017116127292606455,0.2342071350751925,1.2117340335833045e-05,"p=160,n=p"
3,35,160,160,0.1935873133509986,ols,0.0,2.011552305467983e+19,14.46691975986078,0.1309265216338191,0.017141754067130904,0.23274893328890234,1.3245185693559123e-05,"p=160,n=p"
3,36,160,160,0.1935873133509986,ols,0.0,3.4408702323919903e+18,15.492295576877387,0.13264418588076052,0.017594480047969745,0.23416786489827993,1.3474246043115474e-05,"p=160,n=p"
3,37,160,160,0.1935873133509986,ols,0.0,1.2221196771630705e+19,15.171208971975478,0.13089103315245232,0.01713246255971637,0.2332486663463415,1.3696199214534208e-05,"p=160,n=p"
3,38,160,160,0.1935873133509986,ols,0.0,2.0998581824285133e+18,14.20694963838645,0.12898633263982323,0.016637474007871127,0.23293391068749394,1.2670179195596998e-05,"p=160,n=p"
3,39,160,160,0.1935873133509986,ols,0.0,3.5172135981442673e+18,15.151771806990507,0.13142790234304766,0.017273293514293672,0.23369185571351234,1.2999702504012377e-05,"p=160,n=p"
3,40,160,160,0.1935873133509986,ols,0.0,4.3503900274073124e+18,14.397945494088042,0.1275864678591721,0.016278306780779555,0.23145530477798815,1.3567752947707166e-05,"p=160,n=p"
3,41,160,160,0.1935873133509986,ols,0.0,5.00485242646334e+18,15.20054633572518,0.13130654533919126,0.01724140884891309,0.2342568071811354,1.3529143610288165e-05,"p=160,n=p"
3,42,160,160,0.1935873133509986,ols,0.0,6.777282970213676e+18,14.932076336973978,0.13243083627722724,0.017537926397085762,0.2353107491777205,1.2875340050028762e-05,"p=160,n=p"
3,43,160,160,0.1935873133509986,ols,0.0,4.893808419090258e+18,15.170680328984659,0.1316677785051817,0.017336403896489584,0.23379486548272965,1.315606617558161e-05,"p=160,n=p"
3,44,160,160,0.1935873133509986,ols,0.0,3.0233628497103145e+18,15.671324767852848,0.1368024536604806,0.018714911327527946,0.23755738249969555,1.3726989430777424e-05,"p=160,n=p"
3,45,160,160,0.1935873133509986,ols,0.0,1.858445879762445e+19,15.164743419793632,0.13230960118408058,0.017505830565490457,0.23479431253561003,1.2651711774240555e-05,"p=160,n=p"
3,46,160,160,0.1935873133509986,ols,0.0,2.592662286526986e+18,13.679040147830584,0.12457241505104019,0.015518286591648623,0.2302816388725377,1.3370918129208883e-05,"p=160,n=p"
3,47,160,160,0.1935873133509986,ols,0.0,5.504554890177265e+18,15.040532975467766,0.1313459775575495,0.0172517658205483,0.23368187712512817,1.288646596428209e-05,"p=160,n=p"
3,48,160,160,0.1935873133509986,ols,0.0,4.550306282074511e+19,14.441536360264472,0.1295642215967092,0.01678688751796116,0.23254818984643724,1.3424202312121893e-05,"p=160,n=p"
3,49,160,160,0.1935873133509986,ols,0.0,1.3509208607405418e+19,15.12939104316068,0.13298307369978027,0.01768449789064119,0.2349730649992559,1.2445559843492486e-05,"p=160,n=p"
3,0,160,160,0.1935873133509986,ridge,2.154434690031882,6.188940798638608e+18,0.09040530712991933,0.041325259755767535,0.0017077770938816596,0.19784443108428804,1.2574892559467991e-05,"p=160,n=p"
3,1,160,160,0.1935873133509986,ridge,2.154434690031882,1.5482965140661527e+19,0.0903288008919419,0.04097063402453359,0.0016785928523722696,0.19738156165581383,1.30573725320983e-05,"p=160,n=p"
3,2,160,160,0.1935873133509986,ridge,2.154434690031882,9.981912463906116e+18,0.08975973636010588,0.042861776559927636,0.001837131889873162,0.19822502388120358,1.2639700236448782e-05,"p=160,n=p"
3,3,160,160,0.1935873133509986,ridge,2.154434690031882,7.762933568009906e+18,0.08917672302282577,0.04383651666589293,0.0019216401933991086,0.19835529583291603,1.3083657640868735e-05,"p=160,n=p"
3,4,160,160,0.1935873133509986,ridge,2.154434690031882,4.4317361380279373e+18,0.0871806424055557,0.04154458358032415,0.0017259524248625392,0.19773555796754358,1.259964177720729e-05,"p=160,n=p"
3,5,160,160,0.1935873133509986,ridge,2.154434690031882,5.878324319088912e+18,0.08985380675069153,0.043148579441762994,0.0018617999078421321,0.19983573150146217,1.3410263134467691e-05,"p=160,n=p"
3,6,160,160,0.1935873133509986,ridge,2.154434690031882,8.678536782749191e+18,0.08736194953050604,0.04131459658027454,0.0017068958905908328,0.1978212202089839,1.2821494524089074e-05,"p=160,n=p"
3,7,160,160,0.1935873133509986,ridge,2.154434690031882,1.8699423218448212e+18,0.08957036073573117,0.04029812089505449,0.0016239385476724273,0.19728267214131515,1.2375522255827825e-05,"p=160,n=p"
3,8,160,160,0.1935873133509986,ridge,2.154434690031882,1.9579568582408064e+18,0.08822556127885539,0.04106451191070893,0.0016862941384647556,0.19699764061942196,1.276464945502958e-05,"p=160,n=p"
3,9,160,160,0.1935873133509986,ridge,2.154434690031882,5.383421898398558e+19,0.08501636770552862,0.039562434061033755,0.001565186188833644,0.1982308270865778,1.3073371892940413e-05,"p=160,n=p"
3,10,160,160,0.1935873133509986,ridge,2.154434690031882,2.0197087126815409e+18,0.09152154353802854,0.042067478688270085,0.001769672763188058,0.19758913007358891,1.2942878057094451e-05,"p=160,n=p"
3,11,160,160,0.1935873133509986,ridge,2.154434690031882,8.234972650535052e+18,0.09134279595576013,0.04307564849604086,0.0018555114933544673,0.1994141608864891,1.3903664783481951e-05,"p=160,n=p"
3,12,160,160,0.1935873133509986,ridge,2.154434690031882,4.4347129096081613e+18,0.089857494479684,0.040998648830937845,0.0016808892059625613,0.19699408916861946,1.2515276656561749e-05,"p=160,n=p"
3,13,160,160,0.1935873133509986,ridge,2.154434690031882,1.7970722285392792e+19,0.09035495282204295,0.04136324360697575,0.0017109179216900203,0.19862106001978175,1.3694364560167197e-05,"p=160,n=p"
3,14,160,160,0.1935873133509986,ridge,2.154434690031882,7.908002768544756e+18,0.08898448919698655,0.040951192313556546,0.0016770001519018926,0.19775225213138894,1.3310821941617814e-05,"p=160,n=p"
3,15,160,160,0.1935873133509986,ridge,2.154434690031882,1.053529226824074e+19,0.08991707716121548,0.042659074878703726,0.0018197966695068515,0.1977542158445358,1.3516007526014634e-05,"p=160,n=p"
3,16,160,160,0.1935873133509986,ridge,2.154434690031882,4.491660041206902e+19,0.09134467196096355,0.042548982772867235,0.0018104159350057528,0.19761896309304286,1.3545133583144283e-05,"p=160,n=p"
3,17,160,160,0.1935873133509986,ridge,2.154434690031882,3.5176094277887963e+19,0.08775856880638272,0.042500140248723256,0.0018062619211611467,0.1988273763403012,1.2817153124963473e-05,"p=160,n=p"
3,18,160,160,0.1935873133509986,ridge,2.154434690031882,4.68664844758327e+19,0.08987517397859163,0.04327052766567238,0.0018723385644657188,0.19828865185343206,1.3010350880454645e-05,"p=160,n=p"
3,19,160,160,0.1935873133509986,ridge,2.154434690031882,9.194886065926523e+18,0.08694624770572114,0.03971907235401704,0.0015776047086636404,0.1975784662268853,1.2458957648080301e-05,"p=160,n=p"
3,20,160,160,0.1935873133509986,ridge,2.154434690031882,2.392022552891986e+18,0.08919205184483618,0.0428400063375078,0.0018352661429977082,0.1981596423327019,1.2888617602123574e-05,"p=160,n=p"
3,21,160,160,0.1935873133509986,ridge,2.154434690031882,6.621630248431596e+19,0.08936725162532033,0.04232902807780417,0.001791746618011534,0.1980307009580865,1.3467152874702336e-05,"p=160,n=p"
3,22,160,160,0.1935873133509986,ridge,2.154434690031882,2.1348277679593157e+19,0.08983963282058398,0.040550771161994584,0.0016443650418324516,0.19759040418850177,1.2618129468773578e-05,"p=160,n=p"
3,23,160,160,0.1935873133509986,ridge,2.154434690031882,4.759349170377848e+18,0.09205321393895885,0.04486191177503085,0.0020125911281106516,0.19865252649322385,1.305428567070787e-05,"p=160,n=p"
3,24,160,160,0.1935873133509986,ridge,2.154434690031882,1.346026829275592e+19,0.09191392180834505,0.04446358692366928,0.0019770105621186936,0.1990885850916354,1.2751934654243038e-05,"p=160,n=p"
3,25,160,160,0.1935873133509986,ridge,2.154434690031882,7.006942357005223e+18,0.09085833040378148,0.04109660612544122,0.0016889310350296529,0.19794018641725372,1.2924290604420375e-05,"p=160,n=p"
3,26,160,160,0.1935873133509986,ridge,2.154434690031882,4.729370322444362e+19,0.08931481283526597,0.038862346459626496,0.001510281972348044,0.19722312764028654,1.3347309526240973e-05,"p=160,n=p"
3,27,160,160,0.1935873133509986,ridge,2.154434690031882,1.04929621343998e+19,0.08968852792513428,0.04092473761752599,0.0016748341490633472,0.1984678707748974,1.3591565974048737e-05,"p=160,n=p"
3,28,160,160,0.1935873133509986,ridge,2.154434690031882,1.3557257088172112e+19,0.0909520358775608,0.04153332374644846,0.0017250169814272997,0.19816934377949605,1.2916532239314594e-05,"p=160,n=p"
3,29,160,160,0.1935873133509986,ridge,2.154434690031882,4.2758639076386657e+18,0.09301995131623762,0.04169191091256403,0.0017382154355411756,0.19686950730086916,1.3252134296200548e-05,"p=160,n=p"
3,30,160,160,0.1935873133509986,ridge,2.154434690031882,9.916861631378897e+18,0.09297153468730807,0.042830315478310774,0.0018344359239716277,0.19857803592990006,1.3371096647471633e-05,"p=160,n=p"
3,31,160,160,0.1935873133509986,ridge,2.154434690031882,3.707371570459216e+19,0.09057826411705794,0.04325968008311354,0.0018713999208933303,0.19883838375074803,1.3440672318192394e-05,"p=160,n=p"
3,32,160,160,0.1935873133509986,ridge,2.154434690031882,3.1846974835529554e+18,0.08881581926957427,0.040602256440841956,0.001648543228087892,0.19797273931376966,1.3328886714483435e-05,"p=160,n=p"
3,33,160,160,0.1935873133509986,ridge,2.154434690031882,1.2510660726490997e+20,0.08923117320339109,0.03943061455656535,0.0015547733643084237,0.19749174199116226,1.3379887625671246e-05,"p=160,n=p"
3,34,160,160,0.1935873133509986,ridge,2.154434690031882,6.876237625846571e+19,0.09272281570819667,0.04247331933324766,0.0018039828551840297,0.19834487025962208,1.2117340335833045e-05,"p=160,n=p"
3,35,160,160,0.1935873133509986,ridge,2.154434690031882,2.011552305467983e+19,0.09042244404007418,0.04362118861549698,0.0019028080962287632,0.19791799380593722,1.3245185693559123e-05,"p=160,n=p"
3,36,160,160,0.1935873133509986,ridge,2.154434690031882,3.4408702323919903e+18,0.08710798622471724,0.04092954582023887,0.001675227721051033,0.19761497563564615,1.3474246043115474e-05,"p=160,n=p"
3,37,160,160,0.1935873133509986,ridge,2.154434690031882,1.2221196771630705e+19,0.08958285231774861,0.0429286711709838,0.0018428708085064557,0.19851781290375567,1.3696199214534208e-05,"p=160,n=p"
3,38,160,160,0.1935873133509986,ridge,2.154434690031882,2.0998581824285133e+18,0.08927812959569278,0.0408950874119092,0.0016724081744276943,0.19815490221736143,1.2670179195596998e-05,"p=160,n=p"
3,39,160,160,0.1935873133509986,ridge,2.154434690031882,3.5172135981442673e+18,0.09121927030653025,0.043594966663156466,0.0019005211183617235,0.19779468237684228,1.2999702504012377e-05,"p=160,n=p"
3,40,160,160,0.1935873133509986,ridge,2.154434690031882,4.3503900274073124e+18,0.08845400181952909,0.04010869083639893,0.0016087070806098318,0.19770838138032537,1.3567752947707166e-05,"p=160,n=p"
3,41,160,160,0.1935873133509986,ridge,2.154434690031882,5.00485242646334e+18,0.09081299406962973,0.04339050992702638,0.001882736351727375,0.19888317989475174,1.3529143610288165e-05,"p=160,n=p"
3,42,160,160,0.1935873133509986,ridge,2.154434690031882,6.777282970213676e+18,0.09181854459893478,0.042107799261713014,0.0017730667586647187,0.19906860390167835,1.2875340050028762e-05,"p=160,n=p"
3,43,160,160,0.1935873133509986,ridge,2.154434690031882,4.893808419090258e+18,0.08928861893287855,0.04307778818382672,0.0018556958348106406,0.19781320327529325,1.315606617558161e-05,"p=160,n=p"
3,44,160,160,0.1935873133509986,ridge,2.154434690031882,3.0233628497103145e+18,0.09283235904631462,0.04573756558929383,0.002091924906034955,0.19902524318798548,1.3726989430777424e-05,"p=160,n=p"
3,45,160,160,0.1935873133509986,ridge,2.154434690031882,1.858445879762445e+19,0.09350069079880857,0.04618904689275461,0.0021334280528610846,0.19943394012123616,1.2651711774240555e-05,"p=160,n=p"
3,46,160,160,0.1935873133509986,ridge,2.154434690031882,2.592662286526986e+18,0.08697911250038054,0.0409340785572388,0.0016755987873301975,0.19750122078052657,1.3370918129208883e-05,"p=160,n=p"
3,47,160,160,0.1935873133509986,ridge,2.154434690031882,5.504554890177265e+18,0.0882436461889132,0.041010055396353016,0.001681824643611943,0.19795168704671295,1.288646596428209e-05,"p=160,n=p"
3,48,160,160,0.1935873133509986,ridge,2.154434690031882,4.550306282074511e+19,0.08734178608207427,0.041060077594350285,0.0016859299720540664,0.1981089739872604,1.3424202312121893e-05,"p=160,n=p"
3,49,160,160,0.1935873133509986,ridge,2.154434690031882,1.3509208607405418e+19,0.09191826681362761,0.044858832736456446,0.0020123148744773767,0.19917564905154586,1.2445559843492486e-05,"p=160,n=p"
3,0,320,160,0.1935873133509986,ols,0.0,2.7946634280740758e+19,6.018115985854893,0.08351150047455756,0.006974170711512028,0.21075170493045944,1.3258744828503254e-05,"p=160,n=2p"
3,1,320,160,0.1935873133509986,ols,0.0,2.348729522755623e+19,5.4752687083995735,0.08024747260291482,0.006439656859155564,0.20869464685329825,1.2172177462634982e-05,"p=160,n=2p"
3,2,320,160,0.1935873133509986,ols,0.0,1.7064955801333778e+19,6.0955364050226,0.08387783498047621,0.007035491201011999,0.21092908590576503,1.2514386040743416e-05,"p=160,n=2p"
3,3,320,160,0.1935873133509986,ols,0.0,3.0698953449293394e+19,5.830029364811188,0.08385499694621007,0.007031660512848899,0.21098507333892003,1.3324291662749252e-05,"p=160,n=2p"
3,4,320,160,0.1935873133509986,ols,0.0,9.33791170547938e+18,6.212969008938161,0.08491503779668814,0.0072105636440129755,0.21108503381270133,1.342037778449617e-05,"p=160,n=2p"
3,5,320,160,0.1935873133509986,ols,0.0,1.6792379343994833e+19,6.275059423179415,0.08571386773903258,0.007346867122784371,0.21195249367607527,1.274127269360403e-05,"p=160,n=2p"
3,6,320,160,0.1935873133509986,ols,0.0,1.0960290412613186e+19,5.905740376462465,0.08461855053195566,0.0071602990941291335,0.21098387315314893,1.299500216909954e-05,"p=160,n=2p"
3,7,320,160,0.1935873133509986,ols,0.0,9.88039835512927e+18,5.477742655549077,0.08032276016730427,0.006451745800894282,0.2091747354265936,1.3260265462410087e-05,"p=160,n=2p"
3,8,320,160,0.1935873133509986,ols,0.0,1.5835126960301814e+19,5.992639616155889,0.08279112166283324,0.0068543698261900555,0.20960187104342357,1.3082766246600949e-05,"p=160,n=2p"
3,9,320,160,0.1935873133509986,ols,0.0,4.013794629482652e+18,6.286525529984306,0.08464327225868676,0.007164483538658172,0.2122793486212726,1.3094930150809333e-05,"p=160,n=2p"
3,10,320,160,0.1935873133509986,ols,0.0,4.1764990020319636e+18,5.780837776419396,0.08350577926418638,0.00697321517051902,0.21102565434547954,1.2493868619386903e-05,"p=160,n=2p"
3,11,320,160,0.1935873133509986,ols,0.0,2.6983121036522893e+19,5.8723874069845445,0.08304064522906915,0.006895748760060124,0.21156657525692033,1.3512852551687715e-05,"p=160,n=2p"
3,12,320,160,0.1935873133509986,ols,0.0,6.651336543513805e+18,5.725793478537921,0.0824293578582811,0.006794599036928567,0.20983611565937363,1.3190191799475146e-05,"p=160,n=2p"
3,13,320,160,0.1935873133509986,ols,0.0,1.1500564288131338e+19,6.1937704375441225,0.08466428046484278,0.0071680403866295605,0.21192960594353025,1.265303206991433e-05,"p=160,n=2p"
3,14,320,160,0.1935873133509986,ols,0.0,1.435809875041483e+19,5.893353247665032,0.08390789512735836,0.007040534864703768,0.21077433151410274,1.2829525915049884e-05,"p=160,n=2p"
3,15,320,160,0.1935873133509986,ols,0.0,3.6559413233459963e+18,6.042596804223904,0.08389510494483624,0.007038388633705085,0.21073530305092567,1.300772196125134e-05,"p=160,n=2p"
3,16,320,160,0.1935873133509986,ols,0.0,1.872889272188731e+20,5.906236424573752,0.08293021155363577,0.006877419988330783,0.21085030879823968,1.3222932155575367e-05,"p=160,n=2p"
3,17,320,160,0.1935873133509986,ols,0.0,6.752884829510138e+18,6.127345688557739,0.08510357746486917,0.007242618897318987,0.21151349738120326,1.3760201371640319e-05,"p=160,n=2p"
3,18,320,160,0.1935873133509986,ols,0.0,2.9148316456034606e+18,6.298737270345961,0.0843688815937604,0.00711810818138196,0.21159636166978402,1.2635179979500282e-05,"p=160,n=2p"
3,19,320,160,0.1935873133509986,ols,0.0,1.8341117666970016e+19,6.337358482635057,0.0852577020476139,0.007268875758439707,0.21143891165613574,1.4553951220344948e-05,"p=160,n=2p"
3,20,320,160,0.1935873133509986,ols,0.0,9.898188962974347e+18,5.790226324854835,0.0826195089415848,0.006825983257748612,0.21163471230432945,1.332190128282924e-05,"p=160,n=2p"
3,21,320,160,0.1935873133509986,ols,0.0,9.482247494884239e+19,6.160910654987023,0.08413442700296456,0.007078601807117171,0.21096614043899958,1.2959778783874422e-05,"p=160,n=2p"
3,22,320,160,0.1935873133509986,ols,0.0,5.126804679613396e+18,5.903878522615794,0.0834913027880409,0.006970797641244326,0.21081364260762353,1.3859930477055307e-05,"p=160,n=2p"
3,23,320,160,0.1935873133509986,ols,0.0,2.2158714476398887e+19,5.759403036558976,0.08290522755875034,0.006873276756568177,0.2105040955690907,1.3321268813785608e-05,"p=160,n=2p"
3,24,320,160,0.1935873133509986,ols,0.0,3.774559521261924e+18,6.023021949645283,0.08391371921774403,0.007041512272954383,0.2115296084612839,1.3388825132321545e-05,"p=160,n=2p"
3,25,320,160,0.1935873133509986,ols,0.0,4.901685219991983e+18,5.929280332822182,0.08300605253701991,0.00689000475777851,0.21078120203160147,1.3189387393578513e-05,"p=160,n=2p"
3,26,320,160,0.1935873133509986,ols,0.0,1.461053837196875e+19,6.1005692526414395,0.08239610988876994,0.006789118924802252,0.21079879431770654,1.319482287240958e-05,"p=160,n=2p"
3,27,320,160,0.1935873133509986,ols,0.0,4.300767414166213e+18,6.081786114489569,0.08447583785564543,0.007136167181413296,0.2107482011117537,1.3120254366428741e-05,"p=160,n=2p"
3,28,320,160,0.1935873133509986,ols,0.0,3.358467157056347e+18,5.966069022177789,0.08275455643618679,0.006848316610950023,0.21055870296686524,1.2381484535153755e-05,"p=160,n=2p"
3,29,320,160,0.1935873133509986,ols,0.0,3.4631706917511286e+18,6.024345392841444,0.0825230355962159,0.006810051404014318,0.209291166098187,1.2625245146555659e-05,"p=160,n=2p"
3,30,320,160,0.1935873133509986,ols,0.0,2.656335791958293e+18,6.308359370009821,0.08465789437580905,0.007166959080145641,0.21122817168641805,1.3059767084637973e-05,"p=160,n=2p"
3,31,320,160,0.1935873133509986,ols,0.0,6.848141783886366e+18,5.826349016489588,0.08310130666133411,0.006905827168821094,0.21114471352763384,1.2652448890070772e-05,"p=160,n=2p"
3,32,320,160,0.1935873133509986,ols,0.0,3.5354471898233987e+19,5.962929568866299,0.0842218105354333,0.007093313369866425,0.21078532259021138,1.3604916888265975e-05,"p=160,n=2p"
3,33,320,160,0.1935873133509986,ols,0.0,6.320929298822219e+18,5.879389172690938,0.0826285177745909,0.006827471949625886,0.2105452197423435,1.3823467372208283e-05,"p=160,n=2p"
3,34,320,160,0.1935873133509986,ols,0.0,1.562625090216166e+19,6.045837868098237,0.08345326596921819,0.006964447600929072,0.2111045405625438,1.2766654205889202e-05,"p=160,n=2p"
3,35,320,160,0.1935873133509986,ols,0.0,3.936682915605412e+19,5.855678055215856,0.08390658466332311,0.007040314949863408,0.2110794762133844,1.2936369637342535e-05,"p=160,n=2p"
3,36,320,160,0.1935873133509986,ols,0.0,1.0566820976115323e+19,6.000804594407511,0.08422353363379734,0.007093603617763392,0.21121017067748948,1.2830068118815406e-05,"p=160,n=2p"
3,37,320,160,0.1935873133509986,ols,0.0,7.390807214903819e+19,6.22764508985171,0.08516399876553607,0.00725290668573623,0.21102805447013812,1.3304432842959668e-05,"p=160,n=2p"
3,38,320,160,0.1935873133509986,ols,0.0,2.0417404518030397e+19,5.923369498808115,0.08289641082688112,0.006871814927979053,0.21087365449299797,1.292689851441559e-05,"p=160,n=2p"
3,39,320,160,0.1935873133509986,ols,0.0,5.028458186818933e+18,6.1788163858825,0.0839558130203328,0.007048578539905081,0.2106660863732208,1.3323869110843866e-05,"p=160,n=2p"
3,40,320,160,0.1935873133509986,ols,0.0,5.056426067287264e+18,5.993314504401721,0.08400408212898469,0.007056685814333206,0.21046621599901777,1.3284737544130577e-05,"p=160,n=2p"
3,41,320,160,0.1935873133509986,ols,0.0,7.1513120698981196e+19,5.920433184730469,0.08388383243852643,0.007036497344574778,0.21107478323104792,1.2692299386444306e-05,"p=160,n=2p"
3,42,320,160,0.1935873133509986,ols,0.0,3.791240918434319e+18,5.602915061476077,0.08150334828772793,0.006642795782110683,0.21073911560946337,1.3367017837598732e-05,"p=160,n=2p"
3,43,320,160,0.1935873133509986,ols,0.0,1.5448605891313574e+19,6.175866288150174,0.08455933579076842,0.007150281269375928,0.2106735332309577,1.2585124248824012e-05,"p=160,n=2p"
3,44,320,160,0.1935873133509986,ols,0.0,7.690681434532927e+18,6.028311169501822,0.08553976635233568,0.00731705162761218,0.21184093577825935,1.3445369599205295e-05,"p=160,n=2p"
3,45,320,160,0.1935873133509986,ols,0.0,3.310906542449797e+18,6.125888986195721,0.0838436615190354,0.007029759576918576,0.2113127328374334,1.271459274871301e-05,"p=160,n=2p"
3,46,320,160,0.1935873133509986,ols,0.0,1.1954061076672475e+19,6.150412584922923,0.08439736847189862,0.007122915804981426,0.21113796567536655,1.2314416079432282e-05,"p=160,n=2p"
3,47,320,160,0.1935873133509986,ols,0.0,9.864373628061268e+18,6.175400179351133,0.08526815983872797,0.007270659082282862,0.2115329384364615,1.3218961169173037e-05,"p=160,n=2p"
3,48,320,160,0.1935873133509986,ols,0.0,7.806805904968607e+18,5.844837784437179,0.08295334383980242,0.006881257254204487,0.210647779972888,1.3099473937049927e-05,"p=160,n=2p"
3,49,320,160,0.1935873133509986,ols,0.0,6.628391705564592e+19,5.793182018381843,0.08253000196392449,0.00681120122416538,0.21063735849853815,1.3218645683257688e-05,"p=160,n=2p"
3,0,320,160,0.1935873133509986,ridge,4.641588833612772,2.7946634280740758e+19,0.042699923948935646,0.03152298192978756,0.0009936983897457128,0.19622477809819747,1.3258744828503254e-05,"p=160,n=2p"
3,1,320,160,0.1935873133509986,ridge,4.641588833612772,2.348729522755623e+19,0.04318025115958521,0.02980808901172685,0.0008885221705310311,0.19516889369860982,1.2172177462634982e-05,"p=160,n=2p"
3,2,320,160,0.1935873133509986,ridge,4.641588833612772,1.7064955801333778e+19,0.042330281831433864,0.030693956421283326,0.00094211896079164,0.19590571180175506,1.2514386040743416e-05,"p=160,n=2p"
3,3,320,160,0.1935873133509986,ridge,4.641588833612772,3.0698953449293394e+19,0.04491075953935408,0.03354546307041999,0.0011252980926089113,0.19669926016579306,1.3324291662749252e-05,"p=160,n=2p"
3,4,320,160,0.1935873133509986,ridge,4.641588833612772,9.33791170547938e+18,0.042915557606547985,0.032527857180713,0.0010580614927688625,0.19589110021060552,1.342037778449617e-05,"p=160,n=2p"
3,5,320,160,0.1935873133509986,ridge,4.641588833612772,1.6792379343994833e+19,0.043696399069450116,0.031057145075000805,0.0009645462602096468,0.1969449344062775,1.274127269360403e-05,"p=160,n=2p"
3,6,320,160,0.1935873133509986,ridge,4.641588833612772,1.0960290412613186e+19,0.04360144034910399,0.03317599312239722,0.0011006465196573474,0.19568588358995367,1.299500216909954e-05,"p=160,n=2p"
3,7,320,160,0.1935873133509986,ridge,4.641588833612772,9.88039835512927e+18,0.04169430326250967,0.030663663918153956,0.0009402602848854969,0.1958723923046726,1.3260265462410087e-05,"p=160,n=2p"
3,8,320,160,0.1935873133509986,ridge,4.641588833612772,1.5835126960301814e+19,0.0430288220807556,0.031043697319324527,0.0009637111432538369,0.19503903640904338,1.3082766246600949e-05,"p=160,n=2p"
3,9,320,160,0.1935873133509986,ridge,4.641588833612772,4.013794629482652e+18,0.04147960489283802,0.030402942430375262,0.0009243389084247125,0.19657869488418658,1.3094930150809333e-05,"p=160,n=2p"
3,10,320,160,0.1935873133509986,ridge,4.641588833612772,4.1764990020319636e+18,0.04460307482150263,0.0306415177103285,0.0009389026075923752,0.19640391105598315,1.2493868619386903e-05,"p=160,n=2p"
3,11,320,160,0.1935873133509986,ridge,4.641588833612772,2.6983121036522893e+19,0.04215976987869091,0.03212491976492407,0.001032010469902809,0.19724805712049084,1.3512852551687715e-05,"p=160,n=2p"
3,12,320,160,0.1935873133509986,ridge,4.641588833612772,6.651336543513805e+18,0.04278955739754872,0.03148358047085055,0.0009912158392645222,0.19587490703038976,1.3190191799475146e-05,"p=160,n=2p"
3,13,320,160,0.1935873133509986,ridge,4.641588833612772,1.1500564288131338e+19,0.041605274151412124,0.030222423406480275,0.0009133948765605667,0.19658707600645034,1.265303206991433e-05,"p=160,n=2p"
3,14,320,160,0.1935873133509986,ridge,4.641588833612772,1.435809875041483e+19,0.04256720377599981,0.03168002258586532,0.0010036238310409367,0.19600421203487636,1.2829525915049884e-05,"p=160,n=2p"
3,15,320,160,0.1935873133509986,ridge,4.641588833612772,3.6559413233459963e+18,0.043112672736382175,0.032467325097116036,0.0010541271989618207,0.1962113859601668,1.300772196125134e-05,"p=160,n=2p"
3,16,320,160,0.1935873133509986,ridge,4.641588833612772,1.872889272188731e+20,0.043860167932020896,0.032135684872940544,0.0010327022422529399,0.19668309742211434,1.3222932155575367e-05,"p=160,n=2p"
3,17,320,160,0.1935873133509986,ridge,4.641588833612772,6.752884829510138e+18,0.0429816667324874,0.03402687629390859,0.0011578283103209582,0.19674082417043756,1.3760201371640319e-05,"p=160,n=2p"
3,18,320,160,0.1935873133509986,ridge,4.641588833612772,2.9148316456034606e+18,0.04368115682402413,0.031481527293518,0.0009910865607325185,0.1963571097101963,1.2635179979500282e-05,"p=160,n=2p"
3,19,320,160,0.1935873133509986,ridge,4.641588833612772,1.8341117666970016e+19,0.04238761007886635,0.03211718976522112,0.0010315138784152242,0.19633173315211838,1.4553951220344948e-05,"p=160,n=2p"
3,20,320,160,0.1935873133509986,ridge,4.641588833612772,9.898188962974347e+18,0.04190892169631038,0.031877102040316754,0.0010161496344887667,0.19716510307709004,1.332190128282924e-05,"p=160,n=2p"
3,21,320,160,0.1935873133509986,ridge,4.641588833612772,9.482247494884239e+19,0.04166199019132786,0.031672024198913615,0.0010031171168565698,0.19607060065300302,1.2959778783874422e-05,"p=160,n=2p"
3,22,320,160,0.1935873133509986,ridge,4.641588833612772,5.126804679613396e+18,0.04370564478575865,0.02984269134497445,0.000890586226711413,0.1960083347398126,1.3859930477055307e-05,"p=160,n=2p"
3,23,320,160,0.1935873133509986,ridge,4.641588833612772,2.2158714476398887e+19,0.042922721623518095,0.03075025050889706,0.0009455779063599239,0.1956271124574807,1.3321268813785608e-05,"p=160,n=2p"
3,24,320,160,0.1935873133509986,ridge,4.641588833612772,3.774559521261924e+18,0.041942001549101396,0.03140046108153216,0.0009859889561328159,0.19686296032068873,1.3388825132321545e-05,"p=160,n=2p"
3,25,320,160,0.1935873133509986,ridge,4.641588833612772,4.901685219991983e+18,0.04186058076628741,0.03073967795416688,0.0009449278007258934,0.19600932205672061,1.3189387393578513e-05,"p=160,n=2p"
3,26,320,160,0.1935873133509986,ridge,4.641588833612772,1.461053837196875e+19,0.04212725563183902,0.02924582671100546,0.0008553183800101604,0.1962480938446515,1.319482287240958e-05,"p=160,n=2p"
3,27,320,160,0.1935873133509986,ridge,4.641588833612772,4.300767414166213e+18,0.04341389688630711,0.03197816427245757,0.0010226029902362817,0.19581089757399148,1.3120254366428741e-05,"p=160,n=2p"
3,28,320,160,0.1935873133509986,ridge,4.641588833612772,3.358467157056347e+18,0.04389903437639937,0.03395620947735032,0.0011530241620696959,0.1966706503608714,1.2381484535153755e-05,"p=160,n=2p"
3,29,320,160,0.1935873133509986,ridge,4.641588833612772,3.4631706917511286e+18,0.043312312226148675,0.03036069473074983,0.0009217717845337805,0.19471065237980986,1.2625245146555659e-05,"p=160,n=2p"
3,30,320,160,0.1935873133509986,ridge,4.641588833612772,2.656335791958293e+18,0.04383818236872671,0.03135535221586759,0.0009831581125811127,0.19609199773603628,1.3059767084637973e-05,"p=160,n=2p"
3,31,320,160,0.1935873133509986,ridge,4.641588833612772,6.848141783886366e+18,0.042689898719735754,0.03180235516376264,0.0010113897939621002,0.19676088330866404,1.2652448890070772e-05,"p=160,n=2p"
3,32,320,160,0.1935873133509986,ridge,4.641588833612772,3.5354471898233987e+19,0.043180382143991364,0.03023725119636276,0.0009142913599119412,0.19566739947882783,1.3604916888265975e-05,"p=160,n=2p"
3,33,320,160,0.1935873133509986,ridge,4.641588833612772,6.320929298822219e+18,0.04346123138525652,0.0312583454131901,0.0009770841579703024,0.19579004741828412,1.3823467372208283e-05,"p=160,n=2p"
3,34,320,160,0.1935873133509986,ridge,4.641588833612772,1.562625090216166e+19,0.04297995923163863,0.03079092456517605,0.0009480810355783619,0.19635535390218117,1.2766654205889202e-05,"p=160,n=2p"
3,35,320,160,0.1935873133509986,ridge,4.641588833612772,3.936682915605412e+19,0.04378339525059652,0.03291519504203508,0.0010834100646552106,0.19618956476198016,1.2936369637342535e-05,"p=160,n=2p"
3,36,320,160,0.1935873133509986,ridge,4.641588833612772,1.0566820976115323e+19,0.04289856330869268,0.033553279018018155,0.0011258225328609774,0.1966259450796572,1.2830068118815406e-05,"p=160,n=2p"
3,37,320,160,0.1935873133509986,ridge,4.641588833612772,7.390807214903819e+19,0.0434936353916093,0.032645136949042385,0.0010657049664217321,0.19609112572886778,1.3304432842959668e-05,"p=160,n=2p"
3,38,320,160,0.1935873133509986,ridge,4.641588833612772,2.0417404518030397e+19,0.04188732555553769,0.031437082365082344,0.0009882901476289713,0.19671430032627535,1.292689851441559e-05,"p=160,n=2p"
3,39,320,160,0.1935873133509986,ridge,4.641588833612772,5.028458186818933e+18,0.04385711232654402,0.03193163938087708,0.0010196295935503798,0.19598018428382025,1.3323869110843866e-05,"p=160,n=2p"
3,40,320,160,0.1935873133509986,ridge,4.641588833612772,5.056426067287264e+18,0.04262383005814692,0.03117433828605501,0.0009718393675733952,0.19588443277560225,1.3284737544130577e-05,"p=160,n=2p"
3,41,320,160,0.1935873133509986,ridge,4.641588833612772,7.1513120698981196e+19,0.04240547765399736,0.031300360954242525,0.00097971259586587,0.19620967258725275,1.2692299386444306e-05,"p=160,n=2p"
3,42,320,160,0.1935873133509986,ridge,4.641588833612772,3.791240918434319e+18,0.043083623041726346,0.031613312622549725,0.0009994015349710616,0.19697471943694614,1.3367017837598732e-05,"p=160,n=2p"
3,43,320,160,0.1935873133509986,ridge,4.641588833612772,1.5448605891313574e+19,0.04424914134042509,0.03196340960802907,0.0010216595537706449,0.19570784671961444,1.2585124248824012e-05,"p=160,n=2p"
3,44,320,160,0.1935873133509986,ridge,4.641588833612772,7.690681434532927e+18,0.04482454010114346,0.03241674766359957,0.0010508455290854878,0.19678243847129598,1.3445369599205295e-05,"p=160,n=2p"
3,45,320,160,0.1935873133509986,ridge,4.641588833612772,3.310906542449797e+18,0.042466221768585485,0.031225530267067696,0.0009750337404595607,0.19606693372771522,1.271459274871301e-05,"p=160,n=2p"
3,46,320,160,0.1935873133509986,ridge,4.641588833612772,1.1954061076672475e+19,0.04419934631305064,0.030168245200649462,0.0009101230184865093,0.19545545717927545,1.2314416079432282e-05,"p=160,n=2p"
3,47,320,160,0.1935873133509986,ridge,4.641588833612772,9.864373628061268e+18,0.042364267962744,0.031077451645038556,0.0009658080007497096,0.1959517840588933,1.3218961169173037e-05,"p=160,n=2p"
3,48,320,160,0.1935873133509986,ridge,4.641588833612772,7.806805904968607e+18,0.04323845818987123,0.03276880627479655,0.001073794664675146,0.19645269565000623,1.3099473937049927e-05,"p=160,n=2p"
3,49,320,160,0.1935873133509986,ridge,4.641588833612772,6.628391705564592e+19,0.04226527340345753,0.03151887721821445,0.0009934396210968775,0.1961359289308558,1.3218645683257688e-05,"p=160,n=2p"
3,0,160,320,0.1935873133509986,ols,0.0,1.6804929536143761e+19,15.400936788982174,0.1324061157161631,0.01753137947904197,0.23522868936880725,3.1951168934513367e-06,"p=320,n=p/2"
3,1,160,320,0.1935873133509986,ols,0.0,2.4576305273583333e+19,14.692173289695527,0.1320713183429428,0.017442833128842945,0.23353079298246263,3.0762454141957282e-06,"p=320,n=p/2"
3,2,160,320,0.1935873133509986,ols,0.0,3.5494187745414226e+19,14.705796411765768,0.13128562253480047,0.017235914684350113,0.2333773054824742,3.2259927955339314e-06,"p=320,n=p/2"
3,3,160,320,0.1935873133509986,ols,0.0,3.7165136160187605e+19,14.938292988717558,0.13099225384385893,0.017158970567093975,0.23394550471375966,3.3171918674805184e-06,"p=320,n=p/2"
3,4,160,320,0.1935873133509986,ols,0.0,1.924002238005733e+22,15.007312348919674,0.1335111813824324,0.017825235554132762,0.23431041914927409,3.272524120030819e-06,"p=320,n=p/2"
3,5,160,320,0.1935873133509986,ols,0.0,2.812733689990112e+19,15.231345674874158,0.1307215790415112,0.01708813122710606,0.23387754600353558,3.1844371206145795e-06,"p=320,n=p/2"
3,6,160,320,0.1935873133509986,ols,0.0,6.584218332752876e+19,14.284530412294723,0.12855535172667054,0.016526478457567974,0.23241155312475295,3.1452540032369455e-06,"p=320,n=p/2"
3,7,160,320,0.1935873133509986,ols,0.0,9.610521430252947e+19,13.920962099267962,0.12637390967962672,0.015970365047714454,0.23130833570658896,3.2847944418045855e-06,"p=320,n=p/2"
3,8,160,320,0.1935873133509986,ols,0.0,8.56734474502292e+19,15.112774436394659,0.1328729032356269,0.017655208414264267,0.23465102578956917,3.319984239168682e-06,"p=320,n=p/2"
3,9,160,320,0.1935873133509986,ols,0.0,3.02520590560595e+19,14.76855545103756,0.13101782503439324,0.017165670476742882,0.23460783688310805,3.1962397393740043e-06,"p=320,n=p/2"
3,10,160,320,0.1935873133509986,ols,0.0,1.2260277463911312e+21,14.791649606224592,0.13164165968158148,0.017329526563721314,0.2340086886614586,3.1639013433078044e-06,"p=320,n=p/2"
3,11,160,320,0.1935873133509986,ols,0.0,1.9521278718986e+19,15.00202544727851,0.13165056241449952,0.01733187058405403,0.23451376806518293,3.2546692777031964e-06,"p=320,n=p/2"
3,12,160,320,0.1935873133509986,ols,0.0,1.941109426017829e+19,14.163312471102824,0.12764913094127964,0.016294300630063957,0.23174663485635338,3.1288146118173027e-06,"p=320,n=p/2"
3,13,160,320,0.1935873133509986,ols,0.0,5.096885486918857e+19,14.500778414835105,0.1311666079078217,0.01720467903004423,0.23437382575752252,3.240726956064416e-06,"p=320,n=p/2"
3,14,160,320,0.1935873133509986,ols,0.0,1.0172637874002233e+19,14.516684111448683,0.13077571239550612,0.017102286952552136,0.23313612599116237,3.147885693676269e-06,"p=320,n=p/2"
3,15,160,320,0.1935873133509986,ols,0.0,2.6873521100620546e+19,15.046573219372728,0.13494100469573103,0.018209074748293308,0.23592282005501014,3.25432023324232e-06,"p=320,n=p/2"
3,16,160,320,0.1935873133509986,ols,0.0,1.3154110642121191e+19,13.954403063259765,0.12780757692153794,0.01633477671855484,0.23188138267993025,3.21087028391689e-06,"p=320,n=p/2"
3,17,160,320,0.1935873133509986,ols,0.0,1.0029392316172252e+20,14.752955866273444,0.13194319028610152,0.017409005462874397,0.2340012307222268,3.3440235821402863e-06,"p=320,n=p/2"
3,18,160,320,0.1935873133509986,ols,0.0,1.1012030059339315e+19,15.37674042336902,0.13383874464001694,0.017912809566815662,0.23518341089714728,3.116643734701377e-06,"p=320,n=p/2"
3,19,160,320,0.1935873133509986,ols,0.0,1.0683789826131878e+19,14.425648892390372,0.1307848173477751,0.0171046684486909,0.23371730983834005,3.361391542252885e-06,"p=320,n=p/2"
3,20,160,320,0.1935873133509986,ols,0.0,3.2547082744748933e+19,13.719083802498607,0.12891688044906555,0.016619562064718655,0.23282884888607414,3.237725036489077e-06,"p=320,n=p/2"
3,21,160,320,0.1935873133509986,ols,0.0,8.497862436094653e+19,14.479597197146106,0.1299631587707195,0.01689042263766325,0.23291838271404056,3.1663935496105097e-06,"p=320,n=p/2"
3,22,160,320,0.1935873133509986,ols,0.0,4.956454592528725e+19,14.08920455455103,0.1283064716791421,0.016462550674750498,0.2324468362433669,3.3726743896137064e-06,"p=320,n=p/2"
3,23,160,320,0.1935873133509986,ols,0.0,1.1901993354338077e+19,14.102338711816396,0.13104531101212788,0.017172873538265323,0.23427197646527034,3.20445181107368e-06,"p=320,n=p/2"
3,24,160,320,0.1935873133509986,ols,0.0,5.293094535546901e+19,15.468514160328638,0.13373514196630168,0.017885088196746862,0.2354796521891011,3.40419173221974e-06,"p=320,n=p/2"
3,25,160,320,0.1935873133509986,ols,0.0,2.487195006128796e+19,14.011059745226168,0.12858397940012947,0.01653383975837292,0.232889558063265,3.264951488326349e-06,"p=320,n=p/2"
3,26,160,320,0.1935873133509986,ols,0.0,1.289864658825616e+20,14.522779697581218,0.1283148680359242,0.016464705359076643,0.2318240794202937,3.2595873894641355e-06,"p=320,n=p/2"
3,27,160,320,0.1935873133509986,ols,0.0,4.412051657052317e+19,14.667702115967117,0.13087600819231582,0.01712852952035512,0.23292518681608987,3.276982747130948e-06,"p=320,n=p/2"
3,28,160,320,0.1935873133509986,ols,0.0,1.0443464508118347e+20,14.620985432421858,0.13138946483857653,0.017263191470567534,0.23431693797320835,3.229730700322215e-06,"p=320,n=p/2"
3,29,160,320,0.1935873133509986,ols,0.0,1.9963526469599793e+19,14.982226132860605,0.13083695640944437,0.01711830916248685,0.2329414984856305,3.0716085552580488e-06,"p=320,n=p/2"
3,30,160,320,0.1935873133509986,ols,0.0,4.9830147433434776e+19,15.43061483933514,0.13448587449870805,0.018086450439682256,0.23603359534541585,3.1662916232588582e-06,"p=320,n=p/2"
3,31,160,320,0.1935873133509986,ols,0.0,2.333631247712444e+20,15.103313430084466,0.13424273613924317,0.018021112206150464,0.23552728872601142,3.1036867440981883e-06,"p=320,n=p/2"
3,32,160,320,0.1935873133509986,ols,0.0,1.3812160216886829e+20,14.648196711316212,0.128877987243864,0.016609535596029578,0.23255613060806304,3.254164403110255e-06,"p=320,n=p/2"
3,33,160,320,0.1935873133509986,ols,0.0,1.0247159252640942e+19,14.761112059982775,0.12938653623566146,0.016740875759062135,0.2330689849186494,3.239874550166004e-06,"p=320,n=p/2"
3,34,160,320,0.1935873133509986,ols,0.0,1.5490104498631698e+20,14.761202417772976,0.13235938406922348,0.017519006551184213,0.2344719224557711,2.999362439385692e-06,"p=320,n=p/2"
3,35,160,320,0.1935873133509986,ols,0.0,2.370046378136398e+19,14.24265618118188,0.130576747383851,0.01705028695734604,0.23366197377636233,3.024864899201325e-06,"p=320,n=p/2"
3,36,160,320,0.1935873133509986,ols,0.0,1.7871188628522732e+19,15.551585031186386,0.13200779320175687,0.01742605746599781,0.23392814928903025,3.037084233498956e-06,"p=320,n=p/2"
3,37,160,320,0.1935873133509986,ols,0.0,2.5317569164263383e+19,14.689596401773963,0.13002902407274644,0.01690754710131087,0.2331346651282162,3.2979879277530906e-06,"p=320,n=p/2"
3,38,160,320,0.1935873133509986,ols,0.0,8.866915851018027e+19,14.795356024884518,0.12994461191092702,0.016885602164681435,0.2333209455081808,3.2334322092177744e-06,"p=320,n=p/2"
3,39,160,320,0.1935873133509986,ols,0.0,4.996710875844652e+19,15.145193716184599,0.13030236794609754,0.016978707092360188,0.23366609876980263,3.392022631130394e-06,"p=320,n=p/2"
3,40,160,320,0.1935873133509986,ols,0.0,1.6106603929766537e+19,14.218955313821303,0.13037835757512917,0.016998516123988238,0.2331171329667213,3.2190645043431663e-06,"p=320,n=p/2"
3,41,160,320,0.1935873133509986,ols,0.0,5.0375718134868976e+19,15.168431885014142,0.13503847489139437,0.01823538970099375,0.23598503966030954,3.1151183401471784e-06,"p=320,n=p/2"
3,42,160,320,0.1935873133509986,ols,0.0,2.214742637652657e+19,14.459933345882195,0.12825348377589574,0.016448956100653955,0.23253631466251923,3.299202166900736e-06,"p=320,n=p/2"
3,43,160,320,0.1935873133509986,ols,0.0,1.0290708447853011e+20,14.761605893531565,0.13100988879762382,0.01716359096276576,0.2332802652556296,3.132555143139744e-06,"p=320,n=p/2"
3,44,160,320,0.1935873133509986,ols,0.0,1.503272050001979e+20,15.503822898112233,0.13535874453968458,0.018321989723359588,0.23629055610565652,3.2711163452786876e-06,"p=320,n=p/2"
3,45,160,320,0.1935873133509986,ols,0.0,4.023211724765432e+20,14.849625547522345,0.13068395291169063,0.017078295548624972,0.23392912289172188,3.15341539616441e-06,"p=320,n=p/2"
3,46,160,320,0.1935873133509986,ols,0.0,1.9623679673581777e+19,14.083112598873775,0.12893359837786614,0.01662387279066489,0.23194616646490676,3.1396327081240035e-06,"p=320,n=p/2"
3,47,160,320,0.1935873133509986,ols,0.0,4.430680268749226e+19,15.037693090414534,0.1317271182840801,0.017352033691428032,0.23409173671569156,3.172100320567071e-06,"p=320,n=p/2"
3,48,160,320,0.1935873133509986,ols,0.0,1.996770441215933e+19,14.644031587271806,0.13144327496046695,0.017277334532332923,0.23418838570131542,3.136915299073184e-06,"p=320,n=p/2"
3,49,160,320,0.1935873133509986,ols,0.0,1.1163622546538365e+19,14.809292688784996,0.13087794733497024,0.017129037098615244,0.23296876162069832,3.1424685137343683e-06,"p=320,n=p/2"
3,0,160,320,0.1935873133509986,ridge,2.154434690031882,1.6804929536143761e+19,0.09152222076239161,0.04182725123436795,0.0017495189458229354,0.19847325076525812,3.1951168934513367e-06,"p=320,n=p/2"
3,1,160,320,0.1935873133509986,ridge,2.154434690031882,2.4576305273583333e+19,0.09196320867601072,0.041472268523867616,0.0017199490565157807,0.1975518436351644,3.0762454141957282e-06,"p=320,n=p/2"
3,2,160,320,0.1935873133509986,ridge,2.154434690031882,3.5494187745414226e+19,0.09027111099475726,0.04181144716970524,0.0017481971144250518,0.19775584471339147,3.2259927955339314e-06,"p=320,n=p/2"
3,3,160,320,0.1935873133509986,ridge,2.154434690031882,3.7165136160187605e+19,0.08983661371371492,0.04278274146190957,0.0018303629669965962,0.19827668450642197,3.3171918674805184e-06,"p=320,n=p/2"
3,4,160,320,0.1935873133509986,ridge,2.154434690031882,1.924002238005733e+22,0.08837751519867468,0.041440142038781394,0.0017172853721943767,0.19762627834045815,3.272524120030819e-06,"p=320,n=p/2"
3,5,160,320,0.1935873133509986,ridge,2.154434690031882,2.812733689990112e+19,0.08943962583659443,0.04210195988896173,0.0017725750264917424,0.19858690751747254,3.1844371206145795e-06,"p=320,n=p/2"
3,6,160,320,0.1935873133509986,ridge,2.154434690031882,6.584218332752876e+19,0.08807765733179868,0.040813239787738126,0.0016657205419714103,0.19761657249472772,3.1452540032369455e-06,"p=320,n=p/2"
3,7,160,320,0.1935873133509986,ridge,2.154434690031882,9.610521430252947e+19,0.08835011720622017,0.040318735085558104,0.0016256003988994138,0.19813774794950134,3.2847944418045855e-06,"p=320,n=p/2"
3,8,160,320,0.1935873133509986,ridge,2.154434690031882,8.56734474502292e+19,0.09159758526824435,0.041818378589659505,0.0017487767878680924,0.19765943872233402,3.319984239168682e-06,"p=320,n=p/2"
3,9,160,320,0.1935873133509986,ridge,2.154434690031882,3.02520590560595e+19,0.08516634998140304,0.03931033284855,0.001545302268663789,0.1980897577905047,3.1962397393740043e-06,"p=320,n=p/2"
3,10,160,320,0.1935873133509986,ridge,2.154434690031882,1.2260277463911312e+21,0.09237340796778591,0.04360487862774054,0.001901385440139984,0.19821955264531435,3.1639013433078044e-06,"p=320,n=p/2"
3,11,160,320,0.1935873133509986,ridge,2.154434690031882,1.9521278718986e+19,0.09045088536943023,0.042269111681499036,0.0017866778023430381,0.1985617028680731,3.2546692777031964e-06,"p=320,n=p/2"
3,12,160,320,0.1935873133509986,ridge,2.154434690031882,1.941109426017829e+19,0.09118805084695779,0.0423728162637198,0.001795455558118957,0.1977199621513951,3.1288146118173027e-06,"p=320,n=p/2"
3,13,160,320,0.1935873133509986,ridge,2.154434690031882,5.096885486918857e+19,0.08869448638249704,0.0408873363356686,0.001671774272626086,0.19824223038205135,3.240726956064416e-06,"p=320,n=p/2"
3,14,160,320,0.1935873133509986,ridge,2.154434690031882,1.0172637874002233e+19,0.09148356401034687,0.04198674061589242,0.0017628863875462305,0.19770779141252484,3.147885693676269e-06,"p=320,n=p/2"
3,15,160,320,0.1935873133509986,ridge,2.154434690031882,2.6873521100620546e+19,0.08997388705689392,0.04221387848389216,0.0017820115366528136,0.19787361029143086,3.25432023324232e-06,"p=320,n=p/2"
3,16,160,320,0.1935873133509986,ridge,2.154434690031882,1.3154110642121191e+19,0.08926567780564479,0.0403095750320353,0.0016248618392632834,0.197571899683891,3.21087028391689e-06,"p=320,n=p/2"
3,17,160,320,0.1935873133509986,ridge,2.154434690031882,1.0029392316172252e+20,0.09011593983796523,0.04300333414443618,0.0018492867475380307,0.19824934025696592,3.3440235821402863e-06,"p=320,n=p/2"
3,18,160,320,0.1935873133509986,ridge,2.154434690031882,1.1012030059339315e+19,0.08939027541233509,0.04191525559273173,0.0017568886514040287,0.19768077904611273,3.116643734701377e-06,"p=320,n=p/2"
3,19,160,320,0.1935873133509986,ridge,2.154434690031882,1.0683789826131878e+19,0.08756575355892447,0.03991763647453884,0.0015934177017134336,0.19736277033124644,3.361391542252885e-06,"p=320,n=p/2"
3,20,160,320,0.1935873133509986,ridge,2.154434690031882,3.2547082744748933e+19,0.09210564663340547,0.044216922553982366,0.0019551362401448746,0.19879011116352396,3.237725036489077e-06,"p=320,n=p/2"
3,21,160,320,0.1935873133509986,ridge,2.154434690031882,8.497862436094653e+19,0.08911928061015596,0.042001770949587326,0.0017641487629015977,0.19793052556899626,3.1663935496105097e-06,"p=320,n=p/2"
3,22,160,320,0.1935873133509986,ridge,2.154434690031882,4.956454592528725e+19,0.08905141104962491,0.041473234623886045,0.0017200291901679002,0.19805261421370468,3.3726743896137064e-06,"p=320,n=p/2"
3,23,160,320,0.1935873133509986,ridge,2.154434690031882,1.1901993354338077e+19,0.09166393954928202,0.0430622311207374,0.0018543557490958043,0.19826083025131097,3.20445181107368e-06,"p=320,n=p/2"
3,24,160,320,0.1935873133509986,ridge,2.154434690031882,5.293094535546901e+19,0.09139478651240279,0.04252237593951961,0.0018081524555418362,0.19836135218741238,3.40419173221974e-06,"p=320,n=p/2"
3,25,160,320,0.1935873133509986,ridge,2.154434690031882,2.487195006128796e+19,0.08974178830045268,0.041519426432785306,0.0017238627713074713,0.19820099997760623,3.264951488326349e-06,"p=320,n=p/2"
3,26,160,320,0.1935873133509986,ridge,2.154434690031882,1.289864658825616e+20,0.08670127974871665,0.03915086358461606,0.0015327901194212156,0.1975537030143229,3.2595873894641355e-06,"p=320,n=p/2"
3,27,160,320,0.1935873133509986,ridge,2.154434690031882,4.412051657052317e+19,0.08927653451378348,0.04235205526745347,0.001793696585377433,0.19758793357701873,3.276982747130948e-06,"p=320,n=p/2"
3,28,160,320,0.1935873133509986,ridge,2.154434690031882,1.0443464508118347e+20,0.0900088172271249,0.0430739831096688,0.0018553680209320326,0.19864342710190905,3.229730700322215e-06,"p=320,n=p/2"
3,29,160,320,0.1935873133509986,ridge,2.154434690031882,1.9963526469599793e+19,0.09206316549777871,0.04029842260224712,0.0016239628642293017,0.19706705986350478,3.0716085552580488e-06,"p=320,n=p/2"
3,30,160,320,0.1935873133509986,ridge,2.154434690031882,4.9830147433434776e+19,0.08928056465238898,0.04272679484293347,0.0018255789975501265,0.19842855242789773,3.1662916232588582e-06,"p=320,n=p/2"
3,31,160,320,0.1935873133509986,ridge,2.154434690031882,2.333631247712444e+20,0.0906012969152738,0.04294743032716425,0.0018444817717066272,0.19847328105395637,3.1036867440981883e-06,"p=320,n=p/2"
3,32,160,320,0.1935873133509986,ridge,2.154434690031882,1.3812160216886829e+20,0.08834518931305636,0.03955003194759662,0.0015642050270559134,0.19767632946949334,3.254164403110255e-06,"p=320,n=p/2"
3,33,160,320,0.1935873133509986,ridge,2.154434690031882,1.0247159252640942e+19,0.08854719805555035,0.040405924746492454,0.0016326387546192111,0.19801119853990518,3.239874550166004e-06,"p=320,n=p/2"
3,34,160,320,0.1935873133509986,ridge,2.154434690031882,1.5490104498631698e+20,0.09145674798802222,0.042828044178531345,0.0018342413681582325,0.19836373988669986,2.999362439385692e-06,"p=320,n=p/2"
3,35,160,320,0.1935873133509986,ridge,2.154434690031882,2.370046378136398e+19,0.08762006439536614,0.042078598984619596,0.0017706084925084291,0.19813377951258396,3.024864899201325e-06,"p=320,n=p/2"
3,36,160,320,0.1935873133509986,ridge,2.154434690031882,1.7871188628522732e+19,0.08778399885903615,0.042275898640152486,0.0017872516058324468,0.1983292103950998,3.037084233498956e-06,"p=320,n=p/2"
3,37,160,320,0.1935873133509986,ridge,2.154434690031882,2.5317569164263383e+19,0.08891439639736086,0.04147933003019701,0.001720534819754004,0.19804761501787269,3.2979879277530906e-06,"p=320,n=p/2"
3,38,160,320,0.1935873133509986,ridge,2.154434690031882,8.866915851018027e+19,0.08862797391515426,0.04129506823120076,0.001705282660219526,0.19817790848703282,3.2334322092177744e-06,"p=320,n=p/2"
3,39,160,320,0.1935873133509986,ridge,2.154434690031882,4.996710875844652e+19,0.09065054762600475,0.04184878139731098,0.001751320504439921,0.19796874626910024,3.392022631130394e-06,"p=320,n=p/2"
3,40,160,320,0.1935873133509986,ridge,2.154434690031882,1.6106603929766537e+19,0.091254686482253,0.04125757742480728,0.0017021876949639679,0.19783207642880937,3.2190645043431663e-06,"p=320,n=p/2"
3,41,160,320,0.1935873133509986,ridge,2.154434690031882,5.0375718134868976e+19,0.08642350291871813,0.042093966694988195,0.0017719020321187752,0.19832645238836988,3.1151183401471784e-06,"p=320,n=p/2"
3,42,160,320,0.1935873133509986,ridge,2.154434690031882,2.214742637652657e+19,0.08747025696837804,0.04104560762951043,0.0016847419056757245,0.19834563742840006,3.299202166900736e-06,"p=320,n=p/2"
3,43,160,320,0.1935873133509986,ridge,2.154434690031882,1.0290708447853011e+20,0.09151112553737034,0.042686806548984275,0.0018221634533504068,0.1974936618291101,3.132555143139744e-06,"p=320,n=p/2"
3,44,160,320,0.1935873133509986,ridge,2.154434690031882,1.503272050001979e+20,0.09063091481229557,0.043525653586573725,0.001894482520138418,0.19879014710449974,3.2711163452786876e-06,"p=320,n=p/2"
3,45,160,320,0.1935873133509986,ridge,2.154434690031882,4.023211724765432e+20,0.09080554995593365,0.045285002527048986,0.0020507314538748328,0.1989440918611399,3.15341539616441e-06,"p=320,n=p/2"
3,46,160,320,0.1935873133509986,ridge,2.154434690031882,1.9623679673581777e+19,0.08810083660853951,0.04050989927721391,0.0016410519394500155,0.1971042675887402,3.1396327081240035e-06,"p=320,n=p/2"
3,47,160,320,0.1935873133509986,ridge,2.154434690031882,4.430680268749226e+19,0.08842636188593474,0.0400447260869875,0.0016035800873818572,0.19748974931633712,3.172100320567071e-06,"p=320,n=p/2"
3,48,160,320,0.1935873133509986,ridge,2.154434690031882,1.996770441215933e+19,0.08860878108630549,0.04105014491437997,0.001685114397491596,0.19835671239082558,3.136915299073184e-06,"p=320,n=p/2"
3,49,160,320,0.1935873133509986,ridge,2.154434690031882,1.1163622546538365e+19,0.08785232051418518,0.04216177178094806,0.001777614999708748,0.1978862699203477,3.1424685137343683e-06,"p=320,n=p/2"
3,0,320,320,0.1935873133509986,ols,0.0,2.3401937700718137e+19,6.162175572506958,0.08431118241424258,0.007108375480087688,0.2110961878697301,3.1018221019176028e-06,"p=320,n=p"
3,1,320,320,0.1935873133509986,ols,0.0,1.4860269574564272e+19,5.781929989908425,0.08269986638180457,0.006839267899568331,0.21067904469254586,3.039986911585107e-06,"p=320,n=p"
3,2,320,320,0.1935873133509986,ols,0.0,1.324425464140498e+20,5.954314745257175,0.08391760331453837,0.007042164146056221,0.21025757957885513,3.2997350689067772e-06,"p=320,n=p"
3,3,320,320,0.1935873133509986,ols,0.0,1.3082172491421305e+19,5.997556572724454,0.08332144307033283,0.006942462875322715,0.21076004675910798,3.2220629210866406e-06,"p=320,n=p"
3,4,320,320,0.1935873133509986,ols,0.0,3.175913859074084e+19,6.134719025621724,0.08460063924010224,0.007157268159833927,0.21146373603936652,3.0572991467218957e-06,"p=320,n=p"
3,5,320,320,0.1935873133509986,ols,0.0,1.487939452468728e+19,6.129583091837759,0.0850601713367428,0.0072352327478360425,0.21123705159050166,3.395094166535671e-06,"p=320,n=p"
3,6,320,320,0.1935873133509986,ols,0.0,3.554062510753519e+19,5.891378030430408,0.08324969576831047,0.00693051184551625,0.21060466307711065,3.160318010166017e-06,"p=320,n=p"
3,7,320,320,0.1935873133509986,ols,0.0,6.660987567359311e+19,5.771036795943419,0.08297520250328363,0.006884884230460926,0.21134464516369744,3.2323927904641474e-06,"p=320,n=p"
3,8,320,320,0.1935873133509986,ols,0.0,6.67199769220285e+19,5.885584555703456,0.08309029460767008,0.006903997057989406,0.21084750640438887,3.1640966388965164e-06,"p=320,n=p"
3,9,320,320,0.1935873133509986,ols,0.0,1.5790827908159621e+19,6.176945600831048,0.08564230849757314,0.007334605004793487,0.21180948123603224,3.223122759585889e-06,"p=320,n=p"
3,10,320,320,0.1935873133509986,ols,0.0,3.048056095599178e+19,5.994885665811714,0.08304809935677293,0.006896986806772429,0.2106868751949258,3.1693694718598875e-06,"p=320,n=p"
3,11,320,320,0.1935873133509986,ols,0.0,1.0828497800195103e+19,6.0309417277031026,0.08433407357596263,0.00711223596591588,0.21100757410493876,3.2848566208353615e-06,"p=320,n=p"
3,12,320,320,0.1935873133509986,ols,0.0,5.940565756154226e+19,5.990995100253475,0.08342306827892775,0.006959408321070642,0.2103415634613253,3.317736290135733e-06,"p=320,n=p"
3,13,320,320,0.1935873133509986,ols,0.0,2.273213928549245e+19,6.05490662276513,0.08512708276807376,0.007246620220602482,0.2116352451934211,3.2027817016868413e-06,"p=320,n=p"
3,14,320,320,0.1935873133509986,ols,0.0,1.3609542265092854e+19,5.989350930383206,0.08423504578783475,0.007095542938878617,0.21077167067435795,3.2686695402316057e-06,"p=320,n=p"
3,15,320,320,0.1935873133509986,ols,0.0,8.995163669048454e+19,5.983022197966286,0.08338308194287589,0.006952738354292354,0.21097695806071973,3.2081798362129184e-06,"p=320,n=p"
3,16,320,320,0.1935873133509986,ols,0.0,3.3373588415838237e+19,6.136599511469184,0.0841229419308983,0.007076669359109287,0.2111451191337837,3.2540572813622043e-06,"p=320,n=p"
3,17,320,320,0.1935873133509986,ols,0.0,7.349498923122787e+19,6.160346981872113,0.08494309218646252,0.007215328910197871,0.2110833678710925,3.3076372470939355e-06,"p=320,n=p"
3,18,320,320,0.1935873133509986,ols,0.0,6.202853301561703e+19,6.013579486411752,0.0842622244604836,0.007100122471028922,0.2104344982288075,3.031971276519736e-06,"p=320,n=p"
3,19,320,320,0.1935873133509986,ols,0.0,1.0033318562646165e+20,5.821075788560189,0.08167431562611152,0.006670693832993684,0.20949408139866046,3.3394448194312035e-06,"p=320,n=p"
3,20,320,320,0.1935873133509986,ols,0.0,3.3907694862398337e+19,5.872796156240616,0.08376267533004506,0.007016185778446539,0.21082914241808362,3.1158690654662904e-06,"p=320,n=p"
3,21,320,320,0.1935873133509986,ols,0.0,1.3988357650014978e+20,6.172609207926971,0.0847618527459551,0.007184571680926976,0.21120611225953134,3.3240583080769238e-06,"p=320,n=p"
3,22,320,320,0.1935873133509986,ols,0.0,2.363578888951626e+19,5.776610072061349,0.08308708448650416,0.00690346360846748,0.21050384088714963,3.2414622597326032e-06,"p=320,n=p"
3,23,320,320,0.1935873133509986,ols,0.0,3.182193909913529e+19,5.8954984065874285,0.08293184416803338,0.006877690777110973,0.21092243164786503,3.039851577432962e-06,"p=320,n=p"
3,24,320,320,0.1935873133509986,ols,0.0,1.4234978431008813e+19,6.075874588548131,0.08371208457848026,0.007007713104474631,0.21027891421460781,3.3795276281264123e-06,"p=320,n=p"
3,25,320,320,0.1935873133509986,ols,0.0,8.006086667057832e+20,6.038893164040275,0.08386770799977793,0.007033792445136015,0.21137142309791143,3.1577557238049317e-06,"p=320,n=p"
3,26,320,320,0.1935873133509986,ols,0.0,2.4316417131178557e+19,6.009996514873559,0.08330827825121052,0.0069402692251811175,0.2107626227723633,3.2344374118160864e-06,"p=320,n=p"
3,27,320,320,0.1935873133509986,ols,0.0,2.5074149165291248e+20,6.187242942725793,0.0841082711891513,0.00707420128242782,0.21110017503160297,3.1991776132686897e-06,"p=320,n=p"
3,28,320,320,0.1935873133509986,ols,0.0,1.168512669208439e+19,5.922212565005456,0.08293483358313151,0.0068781866214617194,0.2101820845617369,3.2067046577247332e-06,"p=320,n=p"
3,29,320,320,0.1935873133509986,ols,0.0,1.1652378687563049e+19,5.858925741401482,0.08136217283336354,0.00661980316816612,0.20984342043309823,3.1168903306315745e-06,"p=320,n=p"
3,30,320,320,0.1935873133509986,ols,0.0,4.843210157997355e+18,6.151432748350301,0.0841598007769542,0.007082872066816621,0.21157416621113379,3.297724275098922e-06,"p=320,n=p"
3,31,320,320,0.1935873133509986,ols,0.0,3.3091073455206093e+19,5.911189206449478,0.08420666938167456,0.00709076316835465,0.211019911071732,3.4294906431702223e-06,"p=320,n=p"
3,32,320,320,0.1935873133509986,ols,0.0,4.383134382766572e+19,6.001476760785023,0.08265299513120529,0.006831517604159046,0.2106382949137153,2.8851417751212063e-06,"p=320,n=p"
3,33,320,320,0.1935873133509986,ols,0.0,1.8460805284993516e+19,5.952585840741034,0.08259498459317563,0.006821931479946921,0.21041133388517166,3.0452107284101207e-06,"p=320,n=p"
3,34,320,320,0.1935873133509986,ols,0.0,1.4069214540280259e+20,6.032838579617004,0.08421123147945257,0.007091531507285944,0.2113066256810568,3.2827800641948356e-06,"p=320,n=p"
3,35,320,320,0.1935873133509986,ols,0.0,2.2888701446509203e+19,6.00549136854134,0.08363556821805149,0.006994908271156345,0.21134688343485594,3.008478682621417e-06,"p=320,n=p"
3,36,320,320,0.1935873133509986,ols,0.0,2.330125291600489e+19,6.05756838051493,0.08398030091223203,0.00705269094130904,0.211150480891619,3.0747156175461336e-06,"p=320,n=p"
3,37,320,320,0.1935873133509986,ols,0.0,1.5754770684014176e+20,6.143601866447452,0.08479454365942106,0.007190114634409464,0.21121391612951984,3.331936404363049e-06,"p=320,n=p"
3,38,320,320,0.1935873133509986,ols,0.0,4.501873433325169e+19,5.944113106136066,0.08381392911524604,0.0070247747137354875,0.211353111885644,3.461044424851518e-06,"p=320,n=p"
3,39,320,320,0.1935873133509986,ols,0.0,1.0256575862989354e+20,6.309298933842027,0.08404329682052783,0.007063275740463343,0.21053509343593968,3.2609477857157903e-06,"p=320,n=p"
3,40,320,320,0.1935873133509986,ols,0.0,2.0211029744429335e+19,6.000832933704157,0.08311308848747348,0.006907785477926596,0.21093311294248152,3.3104556534726773e-06,"p=320,n=p"
3,41,320,320,0.1935873133509986,ols,0.0,2.3382038327154516e+19,6.1737309013796855,0.0838512630803091,0.007031034320163208,0.21132834497937739,3.433449100704772e-06,"p=320,n=p"
3,42,320,320,0.1935873133509986,ols,0.0,1.2491462579359599e+21,5.963161466568955,0.08354202037893639,0.006979269168994623,0.21090556279365344,3.288530759867844e-06,"p=320,n=p"
3,43,320,320,0.1935873133509986,ols,0.0,1.4907842363040043e+19,5.995596030287592,0.08334100115173036,0.0069457224729727205,0.20997887993065856,3.1144711339148576e-06,"p=320,n=p"
3,44,320,320,0.1935873133509986,ols,0.0,3.226165752341078e+19,5.974763817327548,0.08482906473596949,0.007195970223979303,0.2116614010840821,3.213419263633767e-06,"p=320,n=p"
3,45,320,320,0.1935873133509986,ols,0.0,6.675127892493462e+19,6.076573972906856,0.08375318273251595,0.007014595617826207,0.21094335725679145,3.0715347168452977e-06,"p=320,n=p"
3,46,320,320,0.1935873133509986,ols,0.0,5.6152193338121495e+19,5.826994334657457,0.08314270120923299,0.006912708764367794,0.21060790467655746,3.4314988859036984e-06,"p=320,n=p"
3,47,320,320,0.1935873133509986,ols,0.0,3.3866482976069693e+19,6.281174625613366,0.08388684645968693,0.007037003008951089,0.21055201836748474,3.1946188574375484e-06,"p=320,n=p"
3,48,320,320,0.1935873133509986,ols,0.0,9.839592060541483e+18,5.966960090507294,0.0848403095775884,0.007197878129221037,0.21171691437737178,3.190599037284756e-06,"p=320,n=p"
3,49,320,320,0.1935873133509986,ols,0.0,3.513726664929985e+19,6.051325641614681,0.08301966968597399,0.006892265554768229,0.2105805916489467,3.204069323115498e-06,"p=320,n=p"
3,0,320,320,0.1935873133509986,ridge,4.641588833612772,2.3401937700718137e+19,0.0440368949013214,0.03113624066139912,0.0009694654825245639,0.19622677584256837,3.1018221019176028e-06,"p=320,n=p"
3,1,320,320,0.1935873133509986,ridge,4.641588833612772,1.4860269574564272e+19,0.04174632736972082,0.030693946759726077,0.0009421183676888989,0.1960470886995868,3.039986911585107e-06,"p=320,n=p"
3,2,320,320,0.1935873133509986,ridge,4.641588833612772,1.324425464140498e+20,0.04276747198664538,0.0319540153198014,0.0010210590950581026,0.19564612403064469,3.2997350689067772e-06,"p=320,n=p"
3,3,320,320,0.1935873133509986,ridge,4.641588833612772,1.3082172491421305e+19,0.042844865569200946,0.03250917227609374,0.0010568462820767421,0.1962718495123339,3.2220629210866406e-06,"p=320,n=p"
3,4,320,320,0.1935873133509986,ridge,4.641588833612772,3.175913859074084e+19,0.04366898931536681,0.03292698175015581,0.001084186127175094,0.19652834000115027,3.0572991467218957e-06,"p=320,n=p"
3,5,320,320,0.1935873133509986,ridge,4.641588833612772,1.487939452468728e+19,0.043289208819990925,0.03209126471680035,0.0010298492711237552,0.19595576131195488,3.395094166535671e-06,"p=320,n=p"
3,6,320,320,0.1935873133509986,ridge,4.641588833612772,3.554062510753519e+19,0.04313085577744782,0.03349640002666777,0.0011220088147465483,0.19650893501851516,3.160318010166017e-06,"p=320,n=p"
3,7,320,320,0.1935873133509986,ridge,4.641588833612772,6.660987567359311e+19,0.04444835746414197,0.0316876189554299,0.0010041051950645205,0.1968008561146602,3.2323927904641474e-06,"p=320,n=p"
3,8,320,320,0.1935873133509986,ridge,4.641588833612772,6.67199769220285e+19,0.043017410101621995,0.030356036341472152,0.0009214889423647779,0.19615223306789054,3.1640966388965164e-06,"p=320,n=p"
3,9,320,320,0.1935873133509986,ridge,4.641588833612772,1.5790827908159621e+19,0.04206741711678052,0.03213340421848841,0.0010325556666687687,0.19661126326361572,3.223122759585889e-06,"p=320,n=p"
3,10,320,320,0.1935873133509986,ridge,4.641588833612772,3.048056095599178e+19,0.042855219368513664,0.03194965500489132,0.001020780454931577,0.19643528358718831,3.1693694718598875e-06,"p=320,n=p"
3,11,320,320,0.1935873133509986,ridge,4.641588833612772,1.0828497800195103e+19,0.044295555854236085,0.033327174472730474,0.0011107005583358177,0.19664482755187684,3.2848566208353615e-06,"p=320,n=p"
3,12,320,320,0.1935873133509986,ridge,4.641588833612772,5.940565756154226e+19,0.042222969590763944,0.032627088373963296,0.001064526895762411,0.1959806815520398,3.317736290135733e-06,"p=320,n=p"
3,13,320,320,0.1935873133509986,ridge,4.641588833612772,2.273213928549245e+19,0.044651042095666664,0.03353211675214036,0.0011244028538791718,0.19615356068544793,3.2027817016868413e-06,"p=320,n=p"
3,14,320,320,0.1935873133509986,ridge,4.641588833612772,1.3609542265092854e+19,0.04341920200444872,0.03226951298512851,0.0010413214682973772,0.19580568480202393,3.2686695402316057e-06,"p=320,n=p"
3,15,320,320,0.1935873133509986,ridge,4.641588833612772,8.995163669048454e+19,0.043500573905355645,0.03218848501176662,0.0010360985673527243,0.1964566400633455,3.2081798362129184e-06,"p=320,n=p"
3,16,320,320,0.1935873133509986,ridge,4.641588833612772,3.3373588415838237e+19,0.044473898969079835,0.033071986745300305,0.0010937563072813189,0.19636308878470451,3.2540572813622043e-06,"p=320,n=p"
3,17,320,320,0.1935873133509986,ridge,4.641588833612772,7.349498923122787e+19,0.043058656516778676,0.033120708785451286,0.00109698135045067,0.19611613505464454,3.3076372470939355e-06,"p=320,n=p"
3,18,320,320,0.1935873133509986,ridge,4.641588833612772,6.202853301561703e+19,0.04366793603843096,0.03283763735135241,0.0010783104268189349,0.19568174172655156,3.031971276519736e-06,"p=320,n=p"
3,19,320,320,0.1935873133509986,ridge,4.641588833612772,1.0033318562646165e+20,0.04100196103876494,0.030466108556799383,0.0009281837705946845,0.19548533717700245,3.3394448194312035e-06,"p=320,n=p"
3,20,320,320,0.1935873133509986,ridge,4.641588833612772,3.3907694862398337e+19,0.04361500498715928,0.03132012453277867,0.0009809502007487644,0.19598395539644944,3.1158690654662904e-06,"p=320,n=p"
3,21,320,320,0.1935873133509986,ridge,4.641588833612772,1.3988357650014978e+20,0.042538237152462514,0.0315184360519342,0.0009934118111598654,0.19593745423950867,3.3240583080769238e-06,"p=320,n=p"
3,22,320,320,0.1935873133509986,ridge,4.641588833612772,2.363578888951626e+19,0.041392573424654196,0.0310428548161274,0.0009636588351351641,0.19614403816652645,3.2414622597326032e-06,"p=320,n=p"
3,23,320,320,0.1935873133509986,ridge,4.641588833612772,3.182193909913529e+19,0.042616303042695265,0.031014731953188667,0.0009619135981281421,0.19625733406477422,3.039851577432962e-06,"p=320,n=p"
3,24,320,320,0.1935873133509986,ridge,4.641588833612772,1.4234978431008813e+19,0.04306929894018638,0.03171641128430088,0.0010059307447549282,0.1957220650203697,3.3795276281264123e-06,"p=320,n=p"
3,25,320,320,0.1935873133509986,ridge,4.641588833612772,8.006086667057832e+20,0.04282477845982819,0.03085612587748024,0.0009521005041669056,0.19647976784227406,3.1577557238049317e-06,"p=320,n=p"
3,26,320,320,0.1935873133509986,ridge,4.641588833612772,2.4316417131178557e+19,0.04357213529969503,0.030104500263735314,0.0009062809361292396,0.1958731999613598,3.2344374118160864e-06,"p=320,n=p"
3,27,320,320,0.1935873133509986,ridge,4.641588833612772,2.5074149165291248e+20,0.04342342444549096,0.030940927324417552,0.0009573409836948887,0.19590336461402297,3.1991776132686897e-06,"p=320,n=p"
3,28,320,320,0.1935873133509986,ridge,4.641588833612772,1.168512669208439e+19,0.04383987862567742,0.03429166429133257,0.001175918239869453,0.1962227512204655,3.2067046577247332e-06,"p=320,n=p"
3,29,320,320,0.1935873133509986,ridge,4.641588833612772,1.1652378687563049e+19,0.04273951564277717,0.030339395243642847,0.0009204789037499782,0.19589641843133904,3.1168903306315745e-06,"p=320,n=p"
3,30,320,320,0.1935873133509986,ridge,4.641588833612772,4.843210157997355e+18,0.04249048479731996,0.0313270705025837,0.0009813853462738499,0.19643827736226857,3.297724275098922e-06,"p=320,n=p"
3,31,320,320,0.1935873133509986,ridge,4.641588833612772,3.3091073455206093e+19,0.04287611172469734,0.03410095519759872,0.001162875145388635,0.1968716162958338,3.4294906431702223e-06,"p=320,n=p"
3,32,320,320,0.1935873133509986,ridge,4.641588833612772,4.383134382766572e+19,0.042318899172002676,0.02932425092757654,0.0008599116924634736,0.19598097115782115,2.8851417751212063e-06,"p=320,n=p"
3,33,320,320,0.1935873133509986,ridge,4.641588833612772,1.8460805284993516e+19,0.04237356788126969,0.030114770959330284,0.0009068994299329227,0.19614360996156868,3.0452107284101207e-06,"p=320,n=p"
3,34,320,320,0.1935873133509986,ridge,4.641588833612772,1.4069214540280259e+20,0.04285045568147126,0.03315503297836262,0.0010992562117963132,0.19665519399538522,3.2827800641948356e-06,"p=320,n=p"
3,35,320,320,0.1935873133509986,ridge,4.641588833612772,2.2888701446509203e+19,0.04327475724922808,0.03218800963785975,0.0010360679644469519,0.196431355229067,3.008478682621417e-06,"p=320,n=p"
3,36,320,320,0.1935873133509986,ridge,4.641588833612772,2.330125291600489e+19,0.04281291215627258,0.032901281274397225,0.0010824943094970014,0.19664853221911865,3.0747156175461336e-06,"p=320,n=p"
3,37,320,320,0.1935873133509986,ridge,4.641588833612772,1.5754770684014176e+20,0.04405057413829432,0.03264813012355653,0.0010659004005646793,0.19618080516883893,3.331936404363049e-06,"p=320,n=p"
3,38,320,320,0.1935873133509986,ridge,4.641588833612772,4.501873433325169e+19,0.043331302516542027,0.031997806021955316,0.00102385959021868,0.19677049178303513,3.461044424851518e-06,"p=320,n=p"
3,39,320,320,0.1935873133509986,ridge,4.641588833612772,1.0256575862989354e+20,0.0423031885688296,0.03131249479566574,0.0009804723303285937,0.1955215362708026,3.2609477857157903e-06,"p=320,n=p"
3,40,320,320,0.1935873133509986,ridge,4.641588833612772,2.0211029744429335e+19,0.04326623044537878,0.030998088375901487,0.000960881482960199,0.19620603271658305,3.3104556534726773e-06,"p=320,n=p"
3,41,320,320,0.1935873133509986,ridge,4.641588833612772,2.3382038327154516e+19,0.04232100548780935,0.031042198397146226,0.0009636180813277877,0.1964793958599021,3.433449100704772e-06,"p=320,n=p"
3,42,320,320,0.1935873133509986,ridge,4.641588833612772,1.2491462579359599e+21,0.0437662300912275,0.034319468565894316,0.0011778259226454082,0.19666622205812645,3.288530759867844e-06,"p=320,n=p"
3,43,320,320,0.1935873133509986,ridge,4.641588833612772,1.4907842363040043e+19,0.04302184558665349,0.03189295924545683,0.00101716084943237,0.19546385326426813,3.1144711339148576e-06,"p=320,n=p"
3,44,320,320,0.1935873133509986,ridge,4.641588833612772,3.226165752341078e+19,0.04440503247568362,0.03381388459239796,0.0011433787912280083,0.19672436331702023,3.213419263633767e-06,"p=320,n=p"
3,45,320,320,0.1935873133509986,ridge,4.641588833612772,6.675127892493462e+19,0.04375758734708073,0.031628958952892125,0.001000391044443735,0.1961712918065928,3.0715347168452977e-06,"p=320,n=p"
3,46,320,320,0.1935873133509986,ridge,4.641588833612772,5.6152193338121495e+19,0.042753577707998015,0.03233483325695086,0.0010455414417548151,0.19598556277663134,3.4314988859036984e-06,"p=320,n=p"
3,47,320,320,0.1935873133509986,ridge,4.641588833612772,3.3866482976069693e+19,0.04222442289282473,0.030149993852848,0.0009090221293267723,0.19569128269418007,3.1946188574375484e-06,"p=320,n=p"
3,48,320,320,0.1935873133509986,ridge,4.641588833612772,9.839592060541483e+18,0.0450630622677884,0.031583315106094176,0.0009975057930908366,0.1965709942229601,3.190599037284756e-06,"p=320,n=p"
3,49,320,320,0.1935873133509986,ridge,4.641588833612772,3.513726664929985e+19,0.04387325769748882,0.03146370010511906,0.0009899644243048695,0.19616497539305125,3.204069323115498e-06,"p=320,n=p"
3,0,640,320,0.1935873133509986,ols,0.0,3.9255446787401096e+20,2.800203570886414,0.05664160614840314,0.003208271547070821,0.2016028848465816,3.159140750794441e-06,"p=320,n=2p"
3,1,640,320,0.1935873133509986,ols,0.0,7.1833142368078094e+19,2.677596084967649,0.056256553782274635,0.0031647998434579582,0.20183037410827936,3.19791282877014e-06,"p=320,n=2p"
3,2,640,320,0.1935873133509986,ols,0.0,9.210726048269731e+19,2.6978196453036265,0.05646519744455747,0.003188318522452859,0.20110536556897593,3.3192345347553328e-06,"p=320,n=2p"
3,3,640,320,0.1935873133509986,ols,0.0,5.056210085373681e+19,2.7336211904678027,0.05605548840099885,0.0031422177798745166,0.2008413819793051,3.115337475862181e-06,"p=320,n=2p"
3,4,640,320,0.1935873133509986,ols,0.0,1.1667956048358428e+20,2.7098740265953074,0.056480431773548376,0.0031900391733264526,0.20165949709389172,3.125786076474117e-06,"p=320,n=2p"
3,5,640,320,0.1935873133509986,ols,0.0,2.255744591057255e+20,2.7234306089781075,0.05633043820823224,0.003173118268731471,0.2012854412996693,3.3214627331740904e-06,"p=320,n=2p"
3,6,640,320,0.1935873133509986,ols,0.0,4.212107649819296e+19,2.7502425151744383,0.057549272267319825,0.003311918738498107,0.20125541493052268,3.2959476441925697e-06,"p=320,n=2p"
3,7,640,320,0.1935873133509986,ols,0.0,8.811967876533513e+18,2.6527211469743968,0.05544696698949961,0.003074366148334659,0.20140862618903363,3.1638219751143963e-06,"p=320,n=2p"
3,8,640,320,0.1935873133509986,ols,0.0,4.228217249979258e+19,2.745171139171407,0.05645101160600604,0.003186716711341429,0.20143829480633854,3.270296714372095e-06,"p=320,n=2p"
3,9,640,320,0.1935873133509986,ols,0.0,1.6246569169120002e+19,2.78975593260414,0.05720296616313847,0.0032721793378611645,0.20266723798957492,3.1162811957292973e-06,"p=320,n=2p"
3,10,640,320,0.1935873133509986,ols,0.0,9.812979071798533e+19,2.7305930064966955,0.056345812031530364,0.0031748505334925517,0.20147411067730855,3.0982536102108126e-06,"p=320,n=2p"
3,11,640,320,0.1935873133509986,ols,0.0,3.0945013442352333e+19,2.71961079553336,0.05647492819080711,0.0031894175141568195,0.20187420097347997,3.271577643172708e-06,"p=320,n=2p"
3,12,640,320,0.1935873133509986,ols,0.0,3.9604196141785604e+19,2.7017923931589287,0.0562532406908093,0.0031644270882181234,0.20160111810964762,3.2184236376062813e-06,"p=320,n=2p"
3,13,640,320,0.1935873133509986,ols,0.0,2.080313182124487e+19,2.7934408545695,0.056754438979408045,0.0032210663438673516,0.20130212785085141,3.223232363357685e-06,"p=320,n=2p"
3,14,640,320,0.1935873133509986,ols,0.0,1.9613404453016637e+20,2.724394673213272,0.05627319180084564,0.003166672115454761,0.20126129183841523,3.1647298948367235e-06,"p=320,n=2p"
3,15,640,320,0.1935873133509986,ols,0.0,7.087854366500894e+19,2.676663903846284,0.056471050446724715,0.0031889795385565277,0.20215430810796323,3.2149188434816837e-06,"p=320,n=2p"
3,16,640,320,0.1935873133509986,ols,0.0,1.0566361420544475e+20,2.752363542718196,0.05705510145523114,0.0032552846020667187,0.20203613549408383,3.137197158859197e-06,"p=320,n=2p"
3,17,640,320,0.1935873133509986,ols,0.0,2.825038230311502e+19,2.7604089863670582,0.05691095215971697,0.0032388564757255935,0.20156548866508095,3.241640437043544e-06,"p=320,n=2p"
3,18,640,320,0.1935873133509986,ols,0.0,7.48811447086686e+20,2.826560105034485,0.056852491066194985,0.0032322057404317803,0.20144706475554314,3.12586538650407e-06,"p=320,n=2p"
3,19,640,320,0.1935873133509986,ols,0.0,1.5552081851827896e+19,2.7118553683637976,0.05621785838614424,0.003160447601524568,0.20158177639201294,3.2891241681180315e-06,"p=320,n=2p"
3,20,640,320,0.1935873133509986,ols,0.0,9.739724579317774e+18,2.719371977386522,0.056146659344318284,0.0031524473555269235,0.2016670151355538,3.409730850884751e-06,"p=320,n=2p"
3,21,640,320,0.1935873133509986,ols,0.0,7.3402840887139385e+19,2.690462170655832,0.056404642804889535,0.003181483729947177,0.2025890110018992,3.0753708572433927e-06,"p=320,n=2p"
3,22,640,320,0.1935873133509986,ols,0.0,7.878167308158444e+19,2.7109526734131446,0.05680613237821131,0.0032269366757708673,0.20178089525611667,3.2038102467154716e-06,"p=320,n=2p"
3,23,640,320,0.1935873133509986,ols,0.0,2.180623421910369e+19,2.7376748331973464,0.05708672001954845,0.0032588936025903137,0.20239298124245003,3.1627646712935633e-06,"p=320,n=2p"
3,24,640,320,0.1935873133509986,ols,0.0,1.5189701376601221e+19,2.7265207091408388,0.056278720797075646,0.003167294414555195,0.20180785343894356,3.3623250930826173e-06,"p=320,n=2p"
3,25,640,320,0.1935873133509986,ols,0.0,1.898831098913264e+20,2.8327473960031466,0.05782476139585659,0.003343703030487747,0.2019770738987804,3.1870249941834097e-06,"p=320,n=2p"
3,26,640,320,0.1935873133509986,ols,0.0,1.4264556224201167e+19,2.736910101507355,0.056427925772820284,0.003184110807022916,0.20164387580746115,3.1646842720174913e-06,"p=320,n=2p"
3,27,640,320,0.1935873133509986,ols,0.0,8.329590149732517e+19,2.7269322958803444,0.056439595135282704,0.0031854278990346273,0.20196344827100762,3.205105916961304e-06,"p=320,n=2p"
3,28,640,320,0.1935873133509986,ols,0.0,5.3018039424439206e+19,2.775625904590612,0.05674220717424139,0.0032196780750045305,0.2013884819062376,3.2597243930340518e-06,"p=320,n=2p"
3,29,640,320,0.1935873133509986,ols,0.0,1.0332945074710895e+19,2.748684250956858,0.05613962592255786,0.0031516575987247304,0.201521853992252,3.206996768868592e-06,"p=320,n=2p"
3,30,640,320,0.1935873133509986,ols,0.0,1.8449871349542867e+19,2.722124700759211,0.056053077794521074,0.003141947530238631,0.20199658655750155,3.343070792518404e-06,"p=320,n=2p"
3,31,640,320,0.1935873133509986,ols,0.0,4.853061678534127e+19,2.683664633351375,0.0561422431639963,0.003151951467485289,0.20216131459977227,3.0371265719496743e-06,"p=320,n=2p"
3,32,640,320,0.1935873133509986,ols,0.0,7.2391491249464705e+19,2.796202581536047,0.056811513786859835,0.0032275480987545655,0.20180743788856376,3.0211469893019256e-06,"p=320,n=2p"
3,33,640,320,0.1935873133509986,ols,0.0,4.2468224458226565e+19,2.8473478456947676,0.05733495450385195,0.0032872970079587723,0.2019165222732914,3.2213519465988563e-06,"p=320,n=2p"
3,34,640,320,0.1935873133509986,ols,0.0,5.122573309336689e+19,2.719147188551122,0.055814333353019156,0.0031152398076419465,0.20205875010725213,3.3262326156713294e-06,"p=320,n=2p"
3,35,640,320,0.1935873133509986,ols,0.0,7.498868729919402e+20,2.708665101783063,0.05639115428284596,0.0031799622813517363,0.20183417923259114,3.1714134978595356e-06,"p=320,n=2p"
3,36,640,320,0.1935873133509986,ols,0.0,1.5727489009682067e+19,2.720607635307143,0.056701340423104686,0.0032150420057768052,0.2012047812219214,3.086577136649409e-06,"p=320,n=2p"
3,37,640,320,0.1935873133509986,ols,0.0,3.714635729371477e+19,2.766982912189956,0.05629846068952189,0.0031695166760096418,0.20149705773864585,3.3317481794679478e-06,"p=320,n=2p"
3,38,640,320,0.1935873133509986,ols,0.0,1.10611093784411e+20,2.6978582305912617,0.05591453350557133,0.0031264350571456588,0.20187455633061813,3.1547609433620834e-06,"p=320,n=2p"
3,39,640,320,0.1935873133509986,ols,0.0,1.3276605891049211e+20,2.8095046014222094,0.0563093642308686,0.0031707445000846244,0.2021052744471449,3.29082035815898e-06,"p=320,n=2p"
3,40,640,320,0.1935873133509986,ols,0.0,5.4122775586690015e+19,2.6757710606527065,0.056246078212959294,0.003163621314338334,0.20141977748641676,3.359391611589563e-06,"p=320,n=2p"
3,41,640,320,0.1935873133509986,ols,0.0,3.375728580068621e+19,2.7379765721518163,0.05681779061473115,0.003228261330339431,0.20183577626565982,3.2452851633667497e-06,"p=320,n=2p"
3,42,640,320,0.1935873133509986,ols,0.0,1.8146008584401505e+20,2.723224210001392,0.056886286403075574,0.003236049580732741,0.20180379088239092,3.2522460527633484e-06,"p=320,n=2p"
3,43,640,320,0.1935873133509986,ols,0.0,1.0171532939391627e+19,2.7955189849646787,0.056824737379780596,0.0032290507782810345,0.20196221395243008,3.341422402764386e-06,"p=320,n=2p"
3,44,640,320,0.1935873133509986,ols,0.0,1.2326168427269743e+20,2.7005455396277416,0.05644191769549056,0.003185690073144531,0.2014042917039303,3.2178192403533324e-06,"p=320,n=2p"
3,45,640,320,0.1935873133509986,ols,0.0,3.2828320931206943e+19,2.725765353914953,0.055944703507346136,0.003129809850524867,0.20126609721787542,3.193268565679483e-06,"p=320,n=2p"
3,46,640,320,0.1935873133509986,ols,0.0,2.2916767949204783e+19,2.685913994713957,0.05593499308189938,0.0031287234510721314,0.2013408738587357,2.981133046574196e-06,"p=320,n=2p"
3,47,640,320,0.1935873133509986,ols,0.0,6.416517096200797e+19,2.8277963277481803,0.05621114104072017,0.0031596923770997355,0.20145933924670847,3.1989627919371903e-06,"p=320,n=2p"
3,48,640,320,0.1935873133509986,ols,0.0,3.2245715667877065e+19,2.8236975837650182,0.05658623776582375,0.003202002304490338,0.20170896733189858,3.069191181648667e-06,"p=320,n=2p"
3,49,640,320,0.1935873133509986,ols,0.0,2.0516719530104697e+19,2.779655111098277,0.05761732168598825,0.003319755758266652,0.2019388755619119,3.3457129344460557e-06,"p=320,n=2p"
3,0,640,320,0.1935873133509986,ridge,4.641588833612772,3.9255446787401096e+20,0.05302527046241231,0.024426278632351427,0.0005966430878252679,0.19510778616120508,3.159140750794441e-06,"p=320,n=2p"
3,1,640,320,0.1935873133509986,ridge,4.641588833612772,7.1833142368078094e+19,0.05251369427165438,0.023837974325356684,0.0005682490199363645,0.19532722023833854,3.19791282877014e-06,"p=320,n=2p"
3,2,640,320,0.1935873133509986,ridge,4.641588833612772,9.210726048269731e+19,0.05311970017029185,0.024371287836067478,0.0005939596707884506,0.19465088986983203,3.3192345347553328e-06,"p=320,n=2p"
3,3,640,320,0.1935873133509986,ridge,4.641588833612772,5.056210085373681e+19,0.052955636294265716,0.02426761513559869,0.0005889171443695387,0.19448586413468907,3.115337475862181e-06,"p=320,n=2p"
3,4,640,320,0.1935873133509986,ridge,4.641588833612772,1.1667956048358428e+20,0.0526565483589564,0.023966698382781818,0.0005744026313712367,0.19510184920679605,3.125786076474117e-06,"p=320,n=2p"
3,5,640,320,0.1935873133509986,ridge,4.641588833612772,2.255744591057255e+20,0.05204524006944572,0.024838038430026174,0.0006169281530514571,0.19483343295711011,3.3214627331740904e-06,"p=320,n=2p"
3,6,640,320,0.1935873133509986,ridge,4.641588833612772,4.212107649819296e+19,0.05405236191893505,0.02579954351347046,0.0006656164455034556,0.19462227437278873,3.2959476441925697e-06,"p=320,n=2p"
3,7,640,320,0.1935873133509986,ridge,4.641588833612772,8.811967876533513e+18,0.05309719580396407,0.023772645219728605,0.0005651386607430853,0.19505207402111324,3.1638219751143963e-06,"p=320,n=2p"
3,8,640,320,0.1935873133509986,ridge,4.641588833612772,4.228217249979258e+19,0.05270626520512512,0.024011349206750646,0.0005765448907285248,0.19485840564943457,3.270296714372095e-06,"p=320,n=2p"
3,9,640,320,0.1935873133509986,ridge,4.641588833612772,1.6246569169120002e+19,0.05298769440552245,0.0244061267032256,0.0005956590206539017,0.19567476610628834,3.1162811957292973e-06,"p=320,n=2p"
3,10,640,320,0.1935873133509986,ridge,4.641588833612772,9.812979071798533e+19,0.054097582973484354,0.024252155210650026,0.0005881670323614592,0.19494313349180298,3.0982536102108126e-06,"p=320,n=2p"
3,11,640,320,0.1935873133509986,ridge,4.641588833612772,3.0945013442352333e+19,0.05402548790668403,0.024837834483331076,0.0006169180218213503,0.19537233889789893,3.271577643172708e-06,"p=320,n=2p"
3,12,640,320,0.1935873133509986,ridge,4.641588833612772,3.9604196141785604e+19,0.05134302890756229,0.023871101406967958,0.0005698294823817476,0.1951196258092968,3.2184236376062813e-06,"p=320,n=2p"
3,13,640,320,0.1935873133509986,ridge,4.641588833612772,2.080313182124487e+19,0.0536546086368683,0.025287147379990063,0.0006394398226173383,0.19472284546720808,3.223232363357685e-06,"p=320,n=2p"
3,14,640,320,0.1935873133509986,ridge,4.641588833612772,1.9613404453016637e+20,0.05323609058680083,0.023996141399246145,0.0005758148020526148,0.19460486628473075,3.1647298948367235e-06,"p=320,n=2p"
3,15,640,320,0.1935873133509986,ridge,4.641588833612772,7.087854366500894e+19,0.05245423705616272,0.024319472767761547,0.0005914367557018955,0.19556481689675578,3.2149188434816837e-06,"p=320,n=2p"
3,16,640,320,0.1935873133509986,ridge,4.641588833612772,1.0566361420544475e+20,0.05424728477043091,0.024440664105307475,0.0005973460619084652,0.1954732311550433,3.137197158859197e-06,"p=320,n=2p"
3,17,640,320,0.1935873133509986,ridge,4.641588833612772,2.825038230311502e+19,0.052785639665198385,0.02513726159369882,0.0006318819204300458,0.1949408253951803,3.241640437043544e-06,"p=320,n=2p"
3,18,640,320,0.1935873133509986,ridge,4.641588833612772,7.48811447086686e+20,0.05264590729996,0.024012711383770844,0.0005766103080002779,0.19492834387932356,3.12586538650407e-06,"p=320,n=2p"
3,19,640,320,0.1935873133509986,ridge,4.641588833612772,1.5552081851827896e+19,0.052916109119634666,0.024241567074566553,0.0005876535742307093,0.1950628244246327,3.2891241681180315e-06,"p=320,n=2p"
3,20,640,320,0.1935873133509986,ridge,4.641588833612772,9.739724579317774e+18,0.05412825012535873,0.02415110206873397,0.0005832757311344062,0.19509007145269205,3.409730850884751e-06,"p=320,n=2p"
3,21,640,320,0.1935873133509986,ridge,4.641588833612772,7.3402840887139385e+19,0.05130685037463775,0.023583920424380372,0.0005562013025835057,0.1958410834943614,3.0753708572433927e-06,"p=320,n=2p"
3,22,640,320,0.1935873133509986,ridge,4.641588833612772,7.878167308158444e+19,0.05341481767673176,0.02407075156687866,0.0005794010809943915,0.1949398133131939,3.2038102467154716e-06,"p=320,n=2p"
3,23,640,320,0.1935873133509986,ridge,4.641588833612772,2.180623421910369e+19,0.05370643605770825,0.024552214447219098,0.0006028112342622341,0.19572709001737854,3.1627646712935633e-06,"p=320,n=2p"
3,24,640,320,0.1935873133509986,ridge,4.641588833612772,1.5189701376601221e+19,0.05342809447851825,0.024332733498663987,0.0005920819195170046,0.19513592287473572,3.3623250930826173e-06,"p=320,n=2p"
3,25,640,320,0.1935873133509986,ridge,4.641588833612772,1.898831098913264e+20,0.053596042374735656,0.02396433834365796,0.0005742895122493152,0.19486531162209192,3.1870249941834097e-06,"p=320,n=2p"
3,26,640,320,0.1935873133509986,ridge,4.641588833612772,1.4264556224201167e+19,0.05227765413778193,0.024060433574501196,0.0005789044637929844,0.19499351617787333,3.1646842720174913e-06,"p=320,n=2p"
3,27,640,320,0.1935873133509986,ridge,4.641588833612772,8.329590149732517e+19,0.05365507327110125,0.024758722313269844,0.000612994330585606,0.19544202093916982,3.205105916961304e-06,"p=320,n=2p"
3,28,640,320,0.1935873133509986,ridge,4.641588833612772,5.3018039424439206e+19,0.054306846135483616,0.025207955081586995,0.0006354409993953075,0.1947452589064385,3.2597243930340518e-06,"p=320,n=2p"
3,29,640,320,0.1935873133509986,ridge,4.641588833612772,1.0332945074710895e+19,0.05347119906887631,0.02423462632870869,0.0005873171132921405,0.19484254299917161,3.206996768868592e-06,"p=320,n=2p"
3,30,640,320,0.1935873133509986,ridge,4.641588833612772,1.8449871349542867e+19,0.05148358101116878,0.024017987282537134,0.0005768637131041155,0.19547495054722397,3.343070792518404e-06,"p=320,n=2p"
3,31,640,320,0.1935873133509986,ridge,4.641588833612772,4.853061678534127e+19,0.05340101833471704,0.0242565549309568,0.0005883804571185247,0.195637005004337,3.0371265719496743e-06,"p=320,n=2p"
3,32,640,320,0.1935873133509986,ridge,4.641588833612772,7.2391491249464705e+19,0.05423853941686664,0.02437062677155137,0.0005939274492382565,0.19521225087306598,3.0211469893019256e-06,"p=320,n=2p"
3,33,640,320,0.1935873133509986,ridge,4.641588833612772,4.2468224458226565e+19,0.05345428897148685,0.02429566120063226,0.0005902791531759078,0.1950960152137047,3.2213519465988563e-06,"p=320,n=2p"
3,34,640,320,0.1935873133509986,ridge,4.641588833612772,5.122573309336689e+19,0.052914297673245826,0.024561056126068247,0.0006032454780278746,0.19576000638929084,3.3262326156713294e-06,"p=320,n=2p"
3,35,640,320,0.1935873133509986,ridge,4.641588833612772,7.498868729919402e+20,0.052460323913643914,0.02417095379061092,0.0005842350071478483,0.19535058252318646,3.1714134978595356e-06,"p=320,n=2p"
3,36,640,320,0.1935873133509986,ridge,4.641588833612772,1.5727489009682067e+19,0.052732464072849,0.02484445932329736,0.0006172471590669772,0.19481637926060985,3.086577136649409e-06,"p=320,n=2p"
3,37,640,320,0.1935873133509986,ridge,4.641588833612772,3.714635729371477e+19,0.054072358031505875,0.024047197518507677,0.0005782677084941218,0.19502714757613943,3.3317481794679478e-06,"p=320,n=2p"
3,38,640,320,0.1935873133509986,ridge,4.641588833612772,1.10611093784411e+20,0.05169681987991774,0.024366035219304506,0.0005937036723083877,0.19536098935850033,3.1547609433620834e-06,"p=320,n=2p"
3,39,640,320,0.1935873133509986,ridge,4.641588833612772,1.3276605891049211e+20,0.052524480948856124,0.024446745215660582,0.0005976433516394235,0.1955385869075576,3.29082035815898e-06,"p=320,n=2p"
3,40,640,320,0.1935873133509986,ridge,4.641588833612772,5.4122775586690015e+19,0.053280935665064796,0.02445919292180859,0.0005982521183862514,0.1951706877770042,3.359391611589563e-06,"p=320,n=2p"
3,41,640,320,0.1935873133509986,ridge,4.641588833612772,3.375728580068621e+19,0.053482815421117526,0.024709632705676856,0.0006105659484494553,0.1953104605122614,3.2452851633667497e-06,"p=320,n=2p"
3,42,640,320,0.1935873133509986,ridge,4.641588833612772,1.8146008584401505e+20,0.05388277429344608,0.02494147182926395,0.0006220770170099671,0.1950068729875849,3.2522460527633484e-06,"p=320,n=2p"
3,43,640,320,0.1935873133509986,ridge,4.641588833612772,1.0171532939391627e+19,0.052768056864979006,0.023687752037079547,0.0005611095965701662,0.19510431665052214,3.341422402764386e-06,"p=320,n=2p"
3,44,640,320,0.1935873133509986,ridge,4.641588833612772,1.2326168427269743e+20,0.052115910679266166,0.02359349419178992,0.0005566529681780248,0.1948366958928455,3.2178192403533324e-06,"p=320,n=2p"
3,45,640,320,0.1935873133509986,ridge,4.641588833612772,3.2828320931206943e+19,0.0529855588256559,0.024244948154269915,0.0005878175110032362,0.19491400806458417,3.193268565679483e-06,"p=320,n=2p"
3,46,640,320,0.1935873133509986,ridge,4.641588833612772,2.2916767949204783e+19,0.05263420736737274,0.02440332774717238,0.0005955224051359133,0.19506339982242019,2.981133046574196e-06,"p=320,n=2p"
3,47,640,320,0.1935873133509986,ridge,4.641588833612772,6.416517096200797e+19,0.05212470527187468,0.023720223632837163,0.0005626490091918067,0.19476330909661704,3.1989627919371903e-06,"p=320,n=2p"
3,48,640,320,0.1935873133509986,ridge,4.641588833612772,3.2245715667877065e+19,0.05311199847656816,0.023762647231338464,0.0005646634034410376,0.195103532093346,3.069191181648667e-06,"p=320,n=2p"
3,49,640,320,0.1935873133509986,ridge,4.641588833612772,2.0516719530104697e+19,0.05321653175191094,0.024018104213864123,0.0005768693300280376,0.19505455465080665,3.3457129344460557e-06,"p=320,n=2p"
