sweep_id,rep,n,p,sigma,estimator,lambda,kappa,ISE,OpErr,OpErr2,RMSE,DiscErr,cell_label
1,0,500,10,0.1935873133509986,ols,0.0,56.74895466220939,0.023863289603061433,0.02901220500291154,0.0008417080391309653,0.19423876905018184,0.047928370593110184,p=10
1,1,500,10,0.1935873133509986,ols,0.0,56.88560509260018,0.02226871325481935,0.028099600344448444,0.0007895875395177271,0.19418956010717328,0.04867813292007279,p=10
1,2,500,10,0.1935873133509986,ols,0.0,51.59344119221968,0.01848667619428153,0.02673436382047781,0.000714726208885673,0.1959004587572674,0.046922704505348974,p=10
1,3,500,10,0.1935873133509986,ols,0.0,55.76333880874798,0.018805290376837373,0.02870225426763924,0.0008238194000442149,0.19683592636053943,0.04657735291634803,p=10
1,4,500,10,0.1935873133509986,ols,0.0,49.66245212757915,0.015084742636313082,0.024758674187566703,0.0006129919475260817,0.19752565940900382,0.04597751018121817,p=10
1,5,500,10,0.1935873133509986,ols,0.0,54.056039500651174,0.019686741228166764,0.02946423974997644,0.0008681414240440915,0.19394504767508558,0.04948337725663709,p=10
1,6,500,10,0.1935873133509986,ols,0.0,50.44626014295686,0.016448431043004263,0.02613937463621164,0.0006832669063722244,0.19784974524983484,0.045886427100107596,p=10
1,7,500,10,0.1935873133509986,ols,0.0,45.8318005786625,0.013565538488514741,0.025483488124837517,0.0006494081670087348,0.1968141271974251,0.04841736570149537,p=10
1,8,500,10,0.1935873133509986,ols,0.0,58.326623379337875,0.013125900806210735,0.0240544602613143,0.0005786170584631487,0.19437816608255484,0.045498947303606964,p=10
1,9,500,10,0.1935873133509986,ols,0.0,57.2262917316775,0.019450442539956675,0.02728634512068638,0.0007445446300452054,0.1949402082525177,0.04716625933844793,p=10
1,10,500,10,0.1935873133509986,ols,0.0,56.08621402488953,0.022257574218518265,0.027707277414898736,0.0007676932217461576,0.19443432598443883,0.04768206967234273,p=10
1,11,500,10,0.1935873133509986,ols,0.0,54.1683422985864,0.017381715956495656,0.028703571641862716,0.0008238950249995455,0.19402445139913457,0.04838365763951227,p=10
1,12,500,10,0.1935873133509986,ols,0.0,50.76683448121209,0.01948436294492302,0.028824826195014676,0.0008308706051728043,0.19559437852627076,0.047207873530991956,p=10
1,13,500,10,0.1935873133509986,ols,0.0,58.747474739201145,0.017182745147979205,0.026504616885414563,0.0007024947162426028,0.19458330605690738,0.04831906587703823,p=10
1,14,500,10,0.1935873133509986,ols,0.0,50.52349777727691,0.02258601513458515,0.02964791408777072,0.0008789988097558334,0.19661341563849044,0.046568168937616804,p=10
1,15,500,10,0.1935873133509986,ols,0.0,49.97048669138303,0.016640488631451147,0.02889498648749637,0.0008349202441125978,0.1980902616697623,0.04600394247521908,p=10
1,16,500,10,0.1935873133509986,ols,0.0,56.292664460348256,0.02184506331192574,0.028210309251815467,0.0007958215480830653,0.19386852974530883,0.04614994870785508,p=10
1,17,500,10,0.1935873133509986,ols,0.0,48.310267340864094,0.015927911972484166,0.028094592296133026,0.0007893061162859372,0.1995846101673343,0.04781249956499268,p=10
1,18,500,10,0.1935873133509986,ols,0.0,58.09712835797253,0.0139301085488238,0.026113109421129214,0.0006818944836398673,0.19306102517150348,0.047736767110249406,p=10
1,19,500,10,0.1935873133509986,ols,0.0,59.69090092605347,0.019451557506564097,0.02483193371542439,0.0006166249320472305,0.19475148047657023,0.04563595686060788,p=10
1,20,500,10,0.1935873133509986,ols,0.0,49.659982337209826,0.02170463571367244,0.027815474856623792,0.0007737006414994704,0.19478169580372853,0.04599068076579251,p=10
1,21,500,10,0.1935873133509986,ols,0.0,50.82066298224088,0.024011418520699403,0.02987616133599722,0.0008925850161745353,0.19634109273675798,0.04630314066222465,p=10
1,22,500,10,0.1935873133509986,ols,0.0,50.85188706427929,0.017858920863640767,0.027556634955272333,0.000759368130058137,0.1964585206968569,0.04428535326421433,p=10
1,23,500,10,0.1935873133509986,ols,0.0,52.43633558652953,0.021087109153006888,0.02799680365023601,0.0007838210146298684,0.1923041465329348,0.04617246877370033,p=10
1,24,500,10,0.1935873133509986,ols,0.0,44.276146683942876,0.01778271329511946,0.02780180820090536,0.0007729405392399285,0.19624494731548403,0.04631457713182328,p=10
1,25,500,10,0.1935873133509986,ols,0.0,45.123086071627554,0.021770564056533926,0.02937835751728369,0.000863087890413339,0.19350723965054079,0.046822678838264915,p=10
1,26,500,10,0.1935873133509986,ols,0.0,47.77706570150007,0.01813993622839497,0.027339560661684532,0.0007474515771739284,0.19650823362772588,0.0475988351312674,p=10
1,27,500,10,0.1935873133509986,ols,0.0,47.879734175086305,0.018509397133211467,0.02861798323067925,0.0008189889641914387,0.19448661071363615,0.045345113069173576,p=10
1,28,500,10,0.1935873133509986,ols,0.0,56.67205824281398,0.021660528902617365,0.02832479217274026,0.000802293851628928,0.19411941938876814,0.048119528435415795,p=10
1,29,500,10,0.1935873133509986,ols,0.0,56.037639802679024,0.02352847291400839,0.03173717697107994,0.0010072484020936469,0.1944680189344335,0.04760583462874396,p=10
1,30,500,10,0.1935873133509986,ols,0.0,49.45088502604688,0.020982517300821103,0.03193372591448059,0.0010197628507811693,0.1987270175658936,0.04495312005837846,p=10
1,31,500,10,0.1935873133509986,ols,0.0,42.104616735567156,0.015221215889643471,0.026427451485578173,0.000698410192022588,0.19590246608783043,0.04657711926048981,p=10
1,32,500,10,0.1935873133509986,ols,0.0,54.26653157572868,0.015827307318007182,0.026508354299550386,0.0007026928476704915,0.196085977200701,0.046885571965133606,p=10
1,33,500,10,0.1935873133509986,ols,0.0,49.456798403541086,0.01724497584146587,0.028799839147858438,0.0008294307349425194,0.19686488509365552,0.045862278005844186,p=10
1,34,500,10,0.1935873133509986,ols,0.0,53.62247451073472,0.018654374488144075,0.02767208276505576,0.0007657441645560959,0.1923513145027813,0.04538464683049802,p=10
1,35,500,10,0.1935873133509986,ols,0.0,54.282437619823014,0.024968393224418288,0.030769960639399338,0.0009467904777501846,0.1977928582226848,0.04875149101917184,p=10
1,36,500,10,0.1935873133509986,ols,0.0,51.03678057776263,0.02405526305581076,0.029612085706845565,0.0008768756199095673,0.19639461725033455,0.047883264533266315,p=10
1,37,500,10,0.1935873133509986,ols,0.0,44.54780306133468,0.017633877187065387,0.026699904729534745,0.0007128849125662319,0.19490577174470375,0.049411685849613855,p=10
1,38,500,10,0.1935873133509986,ols,0.0,59.902675230111534,0.02075846759072594,0.02665700276913443,0.0007105957966336405,0.1965632526982719,0.048032292210007474,p=10
1,39,500,10,0.1935873133509986,ols,0.0,50.233740529350634,0.019441985786153936,0.02906177054955391,0.0008445865074749189,0.19786246236821983,0.04557017153156751,p=10
1,40,500,10,0.1935873133509986,ols,0.0,41.77369309593863,0.0214284669868603,0.03015674657810427,0.0009094293641760037,0.19770895267460037,0.045623047062312544,p=10
1,41,500,10,0.1935873133509986,ols,0.0,45.025845735885184,0.018571746777961015,0.028557099460128604,0.0008155079295756774,0.19097181198566987,0.04619855081566409,p=10
1,42,500,10,0.1935873133509986,ols,0.0,58.64269555128015,0.015133911511378762,0.0261792085454966,0.0006853509600686022,0.19728735698692157,0.04568719982918707,p=10
1,43,500,10,0.1935873133509986,ols,0.0,52.66881765865451,0.015473453126578808,0.024310134832332058,0.0005909826555661644,0.19623445862930414,0.04753144106945244,p=10
1,44,500,10,0.1935873133509986,ols,0.0,53.52242714782836,0.019555237588744223,0.026470240365577588,0.000700673625011453,0.19441970980631043,0.04696234974607417,p=10
1,45,500,10,0.1935873133509986,ols,0.0,54.94847338628879,0.021347642306303132,0.029781124970639863,0.0008869154045168692,0.19467383219467643,0.046120246047195716,p=10
1,46,500,10,0.1935873133509986,ols,0.0,51.52243351598408,0.02105356753069104,0.028544536025742858,0.0008147905369249318,0.19812634286301417,0.04720213566821123,p=10
1,47,500,10,0.1935873133509986,ols,0.0,50.37051892021221,0.022289451366925568,0.029191611223122853,0.000852150165801952,0.19634506521802672,0.04767571457223219,p=10
1,48,500,10,0.1935873133509986,ols,0.0,50.953748355298146,0.020304811357310642,0.028549705430693337,0.0008150856801793605,0.19973779747853201,0.04648276224722802,p=10
1,49,500,10,0.1935873133509986,ols,0.0,52.45952379031629,0.017908596374894198,0.027471393485545115,0.0007546774600376506,0.1946704955446015,0.04876661168103878,p=10
1,50,500,10,0.1935873133509986,ols,0.0,46.29092460163099,0.018591768113714303,0.027270198428357376,0.0007436637223219851,0.19802383351528857,0.04795175444684964,p=10
1,51,500,10,0.1935873133509986,ols,0.0,55.72028257621552,0.01509346719137116,0.026675348826475855,0.0007115742350141667,0.19501854717565673,0.045205294486170486,p=10
1,52,500,10,0.1935873133509986,ols,0.0,47.865472338378275,0.019541948439468597,0.02826135977117346,0.0007987044561157016,0.19566781534660507,0.04558876175736201,p=10
1,53,500,10,0.1935873133509986,ols,0.0,55.101973372886114,0.026531939788926054,0.029681815482164184,0.0008810101703172414,0.19433968964429446,0.04427806490404745,p=10
1,54,500,10,0.1935873133509986,ols,0.0,51.600982254059396,0.01490036497371436,0.02686627434534236,0.0007217966971992011,0.19321228065361232,0.04637040867478182,p=10
1,55,500,10,0.1935873133509986,ols,0.0,53.76133507817504,0.017712089079483975,0.02809118519134604,0.0007891146854544992,0.19574633334094826,0.047935412034729716,p=10
1,56,500,10,0.1935873133509986,ols,0.0,51.50670583168041,0.018318154921717976,0.02774696061304212,0.0007698938232617109,0.1971077439700301,0.048422070545879575,p=10
1,57,500,10,0.1935873133509986,ols,0.0,50.793862659806095,0.019043542629526525,0.026594911618800596,0.0007072893240118149,0.1951401528217363,0.047745533332658754,p=10
1,58,500,10,0.1935873133509986,ols,0.0,48.311315317892486,0.016777574337736502,0.027103216360070705,0.0007345843370608043,0.1951922866027132,0.04751138622893266,p=10
1,59,500,10,0.1935873133509986,ols,0.0,50.86803429708521,0.021308540952330954,0.02766404605272402,0.0007652994440072355,0.1965848380041814,0.04951960073753662,p=10
1,60,500,10,0.1935873133509986,ols,0.0,51.59794160075364,0.02175706734597649,0.029540596390815344,0.0008726468351250526,0.19762855011162536,0.04703454864432561,p=10
1,61,500,10,0.1935873133509986,ols,0.0,56.292430320233926,0.022887617640478256,0.030434865966348066,0.0009262810663895718,0.19847066844894173,0.047864067949422856,p=10
1,62,500,10,0.1935873133509986,ols,0.0,54.60411392807601,0.01430857996001319,0.024328809389370692,0.0005918909663043316,0.19889581992619845,0.04643238372006781,p=10
1,63,500,10,0.1935873133509986,ols,0.0,56.28674315201713,0.018521649046897196,0.0262000324239283,0.0006864416990148942,0.19313529009833455,0.04773368310757846,p=10
1,64,500,10,0.1935873133509986,ols,0.0,51.57496838845593,0.018295330997370577,0.028126429463065077,0.0007910960343407753,0.19665270455282627,0.04773553848368624,p=10
1,65,500,10,0.1935873133509986,ols,0.0,50.91933106300939,0.019096898253384863,0.02932163221513059,0.0008597581157593841,0.19562708148370006,0.04729585292259293,p=10
1,66,500,10,0.1935873133509986,ols,0.0,56.545873346457846,0.018921268666572316,0.02784288598842643,0.0007752263001645128,0.19517801956807415,0.04768701458481494,p=10
1,67,500,10,0.1935873133509986,ols,0.0,53.97342099737569,0.01578030797741934,0.026991667912367644,0.0007285501366915371,0.19806262685528295,0.045735968057574926,p=10
1,68,500,10,0.1935873133509986,ols,0.0,57.86686613373331,0.021120259132150442,0.028694807390128602,0.000823391971156579,0.1988950215819745,0.04741123444854568,p=10
1,69,500,10,0.1935873133509986,ols,0.0,54.36680437553131,0.012871884524191428,0.022681109778357585,0.0005144327407779081,0.1934257417995764,0.04627997984369556,p=10
1,70,500,10,0.1935873133509986,ols,0.0,57.614909332884146,0.01752533045909481,0.025803266068921082,0.000665808539823534,0.1937608636573183,0.04533937631760442,p=10
1,71,500,10,0.1935873133509986,ols,0.0,53.88861102504198,0.019835363816606447,0.027703474050028733,0.0007674824744406155,0.1934812694022604,0.04638758309091264,p=10
1,72,500,10,0.1935873133509986,ols,0.0,53.922477631364444,0.02152205254967521,0.02933347196075728,0.0008604525772725335,0.19589027272160575,0.04656049197643903,p=10
1,73,500,10,0.1935873133509986,ols,0.0,51.21300720094163,0.016474845853210025,0.027084951233431485,0.0007335945833173618,0.19354872936125214,0.046503498322417805,p=10
1,74,500,10,0.1935873133509986,ols,0.0,59.54686798193851,0.021335435228185862,0.028315947505978174,0.0008017928831613116,0.19898064115474814,0.047540312727723244,p=10
1,75,500,10,0.1935873133509986,ols,0.0,48.213477810470884,0.021857076540600283,0.031081202304138068,0.0009660411366707575,0.19666114497830806,0.04544332024133266,p=10
1,76,500,10,0.1935873133509986,ols,0.0,50.053629433160424,0.021328223193671114,0.028899174017309102,0.0008351622588827135,0.19460604160277484,0.04844752605589626,p=10
1,77,500,10,0.1935873133509986,ols,0.0,52.84437345842223,0.02053163496750634,0.02884576301889278,0.0008320780441421222,0.19616759218850266,0.048438611610796475,p=10
1,78,500,10,0.1935873133509986,ols,0.0,53.32219282756597,0.021937538383695276,0.03006424199816552,0.0009038586469242595,0.19447600993778622,0.04911088498354229,p=10
1,79,500,10,0.1935873133509986,ols,0.0,55.85041250970333,0.01927715835615299,0.027093866214381417,0.0007340775864427988,0.19365253454455209,0.04613859687717144,p=10
1,80,500,10,0.1935873133509986,ols,0.0,45.21654544472023,0.01807584968446007,0.02459186909685274,0.0006047600256767409,0.19523446462228655,0.0462148797797056,p=10
1,81,500,10,0.1935873133509986,ols,0.0,57.49194128381876,0.019892947331359222,0.026756381554917278,0.0007159039539123175,0.19611457127483678,0.04775399549296202,p=10
1,82,500,10,0.1935873133509986,ols,0.0,44.90457225661115,0.018267839362418502,0.029240120112099997,0.0008549846241700347,0.19766340873511562,0.04840657310407984,p=10
1,83,500,10,0.1935873133509986,ols,0.0,60.48400473437127,0.014159846787647161,0.024611824526061234,0.0006057419065016292,0.19554599046660073,0.04606484394491869,p=10
1,84,500,10,0.1935873133509986,ols,0.0,51.64455943134684,0.019814344603407436,0.02832326286478131,0.0008022072193075001,0.1976171104528094,0.04597469655236572,p=10
1,85,500,10,0.1935873133509986,ols,0.0,60.39776549622744,0.018165172311490767,0.028132902434743385,0.0007914601994027903,0.19337510213278986,0.04619093678653719,p=10
1,86,500,10,0.1935873133509986,ols,0.0,53.37095694839769,0.019064902957718233,0.02878965587615911,0.0008288442854676628,0.19559402844813856,0.04793460825106953,p=10
1,87,500,10,0.1935873133509986,ols,0.0,48.84366326589754,0.015796646659791736,0.02594169232242165,0.0006729714005511904,0.19352814621727016,0.046464107530055365,p=10
1,88,500,10,0.1935873133509986,ols,0.0,44.98657416227701,0.01782120926056817,0.025133694716341724,0.0006317026100942639,0.19640178698810523,0.04832492941112041,p=10
1,89,500,10,0.1935873133509986,ols,0.0,54.9272661691272,0.019420594025539795,0.026581105433907737,0.0007065551660885194,0.19423611942746363,0.04661851217404151,p=10
1,90,500,10,0.1935873133509986,ols,0.0,52.8671179069907,0.021866560387235997,0.028094118839141632,0.0007892795133478129,0.19550718124421512,0.04583580452489938,p=10
1,91,500,10,0.1935873133509986,ols,0.0,50.446764639316974,0.021976595197391594,0.027973370452371207,0.0007825094544655945,0.1956776565267767,0.04798423994298564,p=10
1,92,500,10,0.1935873133509986,ols,0.0,60.524978668467334,0.02000215990205628,0.0282608102219449,0.0007986733944007853,0.19379811413727432,0.047823730007485646,p=10
1,93,500,10,0.1935873133509986,ols,0.0,46.77113565232356,0.013959274237985512,0.024875027295100046,0.0006187669829319722,0.19509884485046422,0.04496837904034648,p=10
1,94,500,10,0.1935873133509986,ols,0.0,61.02133127587951,0.018807526816177988,0.027194988353269195,0.0007395673915344472,0.1985365202157508,0.04738486076390703,p=10
1,95,500,10,0.1935873133509986,ols,0.0,54.62683372106633,0.017493973028623794,0.02643706103274367,0.0006989181960490138,0.19245674819517064,0.04721553628499997,p=10
1,96,500,10,0.1935873133509986,ols,0.0,64.84349258236108,0.018955828996165672,0.0275936655711748,0.0007614103796538374,0.19515756736054757,0.0455778844754998,p=10
1,97,500,10,0.1935873133509986,ols,0.0,50.749931782623335,0.01800602185724756,0.028638174668110725,0.0008201450483212188,0.19933586408301582,0.0452503531823618,p=10
1,98,500,10,0.1935873133509986,ols,0.0,48.84536976199937,0.018674913145402514,0.027344185587720254,0.0007477044854556881,0.19295092429822178,0.046384796526545855,p=10
1,99,500,10,0.1935873133509986,ols,0.0,51.70693212346894,0.018356113666742474,0.02782281703886591,0.0007741091479782073,0.1933103116164217,0.04655513492726199,p=10
1,0,500,20,0.1935873133509986,ols,0.0,285.22971851740215,0.15182365388464658,0.03833398542548367,0.0014694944386011947,0.19566208782715955,0.021373446304500207,p=20
1,1,500,20,0.1935873133509986,ols,0.0,280.10478034537147,0.1626244171411485,0.03907587579454206,0.001526924069110478,0.19696829091884346,0.020293699833952846,p=20
1,2,500,20,0.1935873133509986,ols,0.0,310.88787039088527,0.15496995626218926,0.03767714460108036,0.001419567225290719,0.19913342680136106,0.021286290910835434,p=20
1,3,500,20,0.1935873133509986,ols,0.0,253.52106315519728,0.19490556541056278,0.04288880473291636,0.001839449571418229,0.1986799939221102,0.02095859080293798,p=20
1,4,500,20,0.1935873133509986,ols,0.0,257.27068822151386,0.17428360374596,0.041432515760032665,0.0017166533622053554,0.19782965109099362,0.021469692292243853,p=20
1,5,500,20,0.1935873133509986,ols,0.0,289.025666846633,0.15688055364505263,0.03896996432122833,0.0015186581191978094,0.1979915455160515,0.020721035441406375,p=20
1,6,500,20,0.1935873133509986,ols,0.0,231.593576128929,0.13928466511126802,0.03739781986529298,0.0013985969306769025,0.19705762901663484,0.020859452945555503,p=20
1,7,500,20,0.1935873133509986,ols,0.0,217.73024941768728,0.1532580713536186,0.03938614114762977,0.0015512681145010148,0.1980059540723911,0.021647657144489067,p=20
1,8,500,20,0.1935873133509986,ols,0.0,286.70470364060697,0.16741856939435099,0.0391273139667059,0.0015309466982491784,0.1959237031223109,0.02127049680342174,p=20
1,9,500,20,0.1935873133509986,ols,0.0,255.41253392948227,0.13183592149126572,0.03526804138259536,0.0012438347429644587,0.199042036275752,0.02127663768367513,p=20
1,10,500,20,0.1935873133509986,ols,0.0,256.81137277603534,0.16490752579335521,0.03959497413670364,0.00156776197688623,0.1974245184369109,0.021708609616273824,p=20
1,11,500,20,0.1935873133509986,ols,0.0,251.776688793141,0.14570992792164897,0.03968543227173968,0.001574933534594837,0.19665048986437966,0.021322639430170664,p=20
1,12,500,20,0.1935873133509986,ols,0.0,232.0061288712641,0.14230833070997004,0.03900195454171776,0.0015211524580742183,0.19655582991735124,0.020899516078502357,p=20
1,13,500,20,0.1935873133509986,ols,0.0,257.13281934296305,0.14687783007597358,0.038098955932221915,0.0014515304431253874,0.19542511264605175,0.021016610878466957,p=20
1,14,500,20,0.1935873133509986,ols,0.0,285.41837444870845,0.17199007097716318,0.0417166318590971,0.0017402773736674355,0.1980668216487796,0.021303906831238475,p=20
1,15,500,20,0.1935873133509986,ols,0.0,217.88349671770467,0.1779604891116296,0.03995438722756571,0.0015963530587302659,0.19854143659212994,0.021340115354503815,p=20
1,16,500,20,0.1935873133509986,ols,0.0,240.5457887803929,0.15675969319366104,0.039665199606095734,0.0015733280597914174,0.1953035292902598,0.020816558808591252,p=20
1,17,500,20,0.1935873133509986,ols,0.0,214.96889227010516,0.15870938198903314,0.03891755855715931,0.0015145763640499236,0.19665388504358663,0.021220421687924804,p=20
1,18,500,20,0.1935873133509986,ols,0.0,255.67494747525546,0.15432280460277908,0.04020384042638174,0.0016163487850299667,0.199747518816978,0.021092246638908175,p=20
1,19,500,20,0.1935873133509986,ols,0.0,251.7994130007773,0.17015375850782882,0.04180144048756504,0.0017473604268354414,0.19966305204810236,0.020700786624001467,p=20
1,20,500,20,0.1935873133509986,ols,0.0,231.854044403201,0.15544371376988253,0.040481085194430465,0.0016387182585187376,0.1980719984483405,0.02145329030494311,p=20
1,21,500,20,0.1935873133509986,ols,0.0,281.9846705680234,0.16135303921496458,0.04038931702129256,0.0016312969294464729,0.19766107671721936,0.021064274559245682,p=20
1,22,500,20,0.1935873133509986,ols,0.0,240.5837635073674,0.16168357157125002,0.038623524992087044,0.0014917766828143723,0.1968014819409192,0.02148712160063722,p=20
1,23,500,20,0.1935873133509986,ols,0.0,268.78313141475286,0.16492996947120825,0.03957028562123905,0.0015658075041464381,0.19666873779177307,0.02116669572804267,p=20
1,24,500,20,0.1935873133509986,ols,0.0,215.24534894342145,0.1544388305535604,0.039393862348696344,0.0015518763907480355,0.1977486285160266,0.02094928479882406,p=20
1,25,500,20,0.1935873133509986,ols,0.0,228.77238824834524,0.14402243564651268,0.0391388397727108,0.0015318487787539287,0.1986155194403342,0.021504929136203842,p=20
1,26,500,20,0.1935873133509986,ols,0.0,223.83510518869184,0.17122993804763575,0.040230482846346616,0.0016184917500501894,0.19647428850749168,0.021023120336261948,p=20
1,27,500,20,0.1935873133509986,ols,0.0,230.20046762576624,0.16759819604402193,0.0402695672022743,0.0016216380426584862,0.1943987718872538,0.021186502468446,p=20
1,28,500,20,0.1935873133509986,ols,0.0,272.5195078148736,0.18433840923861194,0.03979261338876373,0.0015834520803076181,0.19825739727194552,0.020656241892150245,p=20
1,29,500,20,0.1935873133509986,ols,0.0,245.0814088582932,0.15464878802059864,0.03968451746293585,0.0015748609262660604,0.1970735687021071,0.021649174957740203,p=20
1,30,500,20,0.1935873133509986,ols,0.0,240.72244667377385,0.14544119157801788,0.03908429252481417,0.0015275819221652446,0.19781861560611877,0.019821974304215353,p=20
1,31,500,20,0.1935873133509986,ols,0.0,228.10483935833105,0.15175434333405097,0.039164259260284266,0.0015338392034067617,0.20001801255454998,0.021291332266735116,p=20
1,32,500,20,0.1935873133509986,ols,0.0,243.00305288034403,0.16120408743946155,0.03901745230575229,0.0015223615844316548,0.20006367366040068,0.02066473194991865,p=20
1,33,500,20,0.1935873133509986,ols,0.0,233.95751333896408,0.17730444714215943,0.04252672496156198,0.0018085223359563386,0.198083422570217,0.02109750547600974,p=20
1,34,500,20,0.1935873133509986,ols,0.0,305.3870225577536,0.16415161571560308,0.03831121579195132,0.0014677492554574603,0.1969669941567196,0.02079385138198744,p=20
1,35,500,20,0.1935873133509986,ols,0.0,239.80968489097492,0.1626982164769569,0.03883549211119978,0.00150819544751906,0.19427852609206137,0.020776458409774483,p=20
1,36,500,20,0.1935873133509986,ols,0.0,266.38539070545426,0.15952765077186043,0.04054435250719408,0.0016438445202276149,0.19600232512176785,0.020825377722809835,p=20
1,37,500,20,0.1935873133509986,ols,0.0,224.71223800306797,0.1517935013913617,0.03983664323252157,0.0015869581440352068,0.19639402049599516,0.021101621426443593,p=20
1,38,500,20,0.1935873133509986,ols,0.0,265.911959868173,0.14486079120042508,0.03767371732991451,0.0014193089774543009,0.19853309635678068,0.020970867837734518,p=20
1,39,500,20,0.1935873133509986,ols,0.0,253.0663602209681,0.14191651621721685,0.03641556474335956,0.0013260933555778117,0.19566831648531477,0.021101241787012136,p=20
1,40,500,20,0.1935873133509986,ols,0.0,202.77049740844728,0.15275546278325935,0.04085210817611125,0.0016688947424326958,0.19588987078379744,0.02083336375824561,p=20
1,41,500,20,0.1935873133509986,ols,0.0,210.3973177515107,0.13528147831482845,0.037494784792063744,0.0014058588866031744,0.19587272727898905,0.021509952961984987,p=20
1,42,500,20,0.1935873133509986,ols,0.0,244.68033645767673,0.1751149693007447,0.03981698196786629,0.0015853920530293892,0.19800863344549352,0.020609405273237028,p=20
1,43,500,20,0.1935873133509986,ols,0.0,254.19587147330938,0.16867527790703757,0.04000061086064785,0.0016000488692249789,0.19879154506722038,0.021299882461935052,p=20
1,44,500,20,0.1935873133509986,ols,0.0,273.5765280928859,0.16302526617815832,0.038656355969854,0.0014943138568680667,0.1978496360812121,0.020695411503359278,p=20
1,45,500,20,0.1935873133509986,ols,0.0,269.58134501843574,0.16399269245491777,0.039922063498446465,0.0015937711539739914,0.19743816190829344,0.020826905962661443,p=20
1,46,500,20,0.1935873133509986,ols,0.0,272.09804268199144,0.15216811632326524,0.03859861163848555,0.0014898528204186322,0.19833739120251245,0.021254943018569887,p=20
1,47,500,20,0.1935873133509986,ols,0.0,245.69436457937908,0.1772726311350285,0.040937130175756016,0.0016758486270267937,0.1987604622018751,0.021718987759981954,p=20
1,48,500,20,0.1935873133509986,ols,0.0,239.99539653225827,0.14874823279964544,0.03852724133563921,0.0014843483249345863,0.19522271452023265,0.021811702893267525,p=20
1,49,500,20,0.1935873133509986,ols,0.0,275.5873567242341,0.15645966099380398,0.03877077073015016,0.001503172663009868,0.1972758565007594,0.021552780419544525,p=20
1,50,500,20,0.1935873133509986,ols,0.0,226.6547926042254,0.15025422688648818,0.038537714711579595,0.001485155455191098,0.1996791710787016,0.021124572787882042,p=20
1,51,500,20,0.1935873133509986,ols,0.0,269.37094687128547,0.1479512132295827,0.037268146474313195,0.0013889147416308628,0.19669495087838837,0.021319548823577027,p=20
1,52,500,20,0.1935873133509986,ols,0.0,210.79715276218204,0.16533237652488378,0.04067906477603104,0.001654786311052529,0.1946848344053589,0.02083753024127262,p=20
1,53,500,20,0.1935873133509986,ols,0.0,279.61157979906653,0.16699540218738126,0.040294253800673176,0.001623626889353065,0.19751045595116534,0.020775123794881625,p=20
1,54,500,20,0.1935873133509986,ols,0.0,287.45182515249724,0.17159669407726738,0.03998093122463462,0.0015984748615889635,0.19879598204634433,0.021126209576043834,p=20
1,55,500,20,0.1935873133509986,ols,0.0,243.137779356268,0.13354074063213628,0.03939728781679543,0.0015521462873194177,0.19786969048743108,0.02050174956924901,p=20
1,56,500,20,0.1935873133509986,ols,0.0,253.47904476763708,0.16675445514342585,0.041158437274034995,0.0016940169588406733,0.1961498493841727,0.02019965806034749,p=20
1,57,500,20,0.1935873133509986,ols,0.0,249.11881437952917,0.17261698203257012,0.04085724464485439,0.001669314439969483,0.19711800522614556,0.02194187937972971,p=20
1,58,500,20,0.1935873133509986,ols,0.0,265.57485448209366,0.1990121534263244,0.040905951629152615,0.0016732968786865737,0.1963305688527241,0.02116099851650141,p=20
1,59,500,20,0.1935873133509986,ols,0.0,246.3002087589298,0.17323532456121668,0.03931506713102575,0.0015456745035170613,0.19855372559530415,0.022189812830247,p=20
1,60,500,20,0.1935873133509986,ols,0.0,258.44397651954415,0.1672084533384536,0.03942646089695308,0.00155444581885897,0.19545308359776906,0.022406396374048784,p=20
1,61,500,20,0.1935873133509986,ols,0.0,261.8146205524998,0.15164711505178327,0.03776960923584685,0.0014265433818285676,0.19721476046126332,0.021741161738519872,p=20
1,62,500,20,0.1935873133509986,ols,0.0,261.33581726159844,0.17104296317283407,0.04072722127673402,0.0016587065529240562,0.19762267467598957,0.02062993965939663,p=20
1,63,500,20,0.1935873133509986,ols,0.0,275.46960507337906,0.13487649388156395,0.036671797649940885,0.0013448207428782097,0.19800168035501128,0.022558451918933037,p=20
1,64,500,20,0.1935873133509986,ols,0.0,238.63842786200712,0.1430876967130411,0.038451457184661614,0.0014785145596238653,0.19782557419629598,0.02051278956260404,p=20
1,65,500,20,0.1935873133509986,ols,0.0,269.75789752102946,0.14479511651820828,0.037621964742417184,0.0014154122310796814,0.19695701051481013,0.021352570822891652,p=20
1,66,500,20,0.1935873133509986,ols,0.0,250.99309160424187,0.15366905063993286,0.03788329291946022,0.001435143882421625,0.1995663698323618,0.021671781538795346,p=20
1,67,500,20,0.1935873133509986,ols,0.0,248.54346475760772,0.17192898782072888,0.04097836423747149,0.0016792263355788826,0.19907528595397395,0.02095940098695818,p=20
1,68,500,20,0.1935873133509986,ols,0.0,276.6679287115571,0.1792081756389368,0.042114555421503996,0.0017736357783509319,0.20034976517506628,0.020730662001297438,p=20
1,69,500,20,0.1935873133509986,ols,0.0,280.87663335236925,0.13924352512761481,0.037783350736361444,0.0014275815928669051,0.1966888727673597,0.021321978565843086,p=20
1,70,500,20,0.1935873133509986,ols,0.0,282.47874052503556,0.1548274848610307,0.039669842056243805,0.0015736963687673295,0.1988332344891359,0.02083931118297683,p=20
1,71,500,20,0.1935873133509986,ols,0.0,290.3403426629959,0.17997208324973993,0.04093998653175777,0.0016760824972205071,0.2003611215097958,0.02100155114557356,p=20
1,72,500,20,0.1935873133509986,ols,0.0,270.75805388728196,0.14240226907078107,0.03728405643185018,0.0013901008640133884,0.19615550082732758,0.021461522357777194,p=20
1,73,500,20,0.1935873133509986,ols,0.0,250.2283928329368,0.16141994234853016,0.040440303142334766,0.001635418118243931,0.19523410363389188,0.020743903915707212,p=20
1,74,500,20,0.1935873133509986,ols,0.0,251.30449254034244,0.17128993894576766,0.041718748869669815,0.0017404540072505767,0.19977304395321732,0.021484175886135666,p=20
1,75,500,20,0.1935873133509986,ols,0.0,216.1953802999753,0.15334818795600302,0.04013955991198668,0.0016111842699279683,0.19803698917837298,0.020706170042303036,p=20
1,76,500,20,0.1935873133509986,ols,0.0,234.42889952662378,0.15696360060194817,0.038822161933972955,0.001507160257227619,0.19626009616282958,0.02091042247954019,p=20
1,77,500,20,0.1935873133509986,ols,0.0,253.84708637481927,0.1666772833451204,0.039723948898834814,0.0015779921161172398,0.1976356401195803,0.02100021330404901,p=20
1,78,500,20,0.1935873133509986,ols,0.0,249.13571086385824,0.15348697689900537,0.04010488630192749,0.001608401905290531,0.19613060347506794,0.021065203066241895,p=20
1,79,500,20,0.1935873133509986,ols,0.0,246.55795318566265,0.1584192692084261,0.03899437338425996,0.0015205611556310817,0.19795023152992075,0.020002765959730145,p=20
1,80,500,20,0.1935873133509986,ols,0.0,231.23154890697802,0.1700490857211504,0.04036115488342865,0.0016290228235241167,0.19765977926150413,0.0213327831190294,p=20
1,81,500,20,0.1935873133509986,ols,0.0,255.2004485052585,0.16004809638757536,0.039477454998986625,0.001558469453197014,0.19590460282375438,0.02143115747914037,p=20
1,82,500,20,0.1935873133509986,ols,0.0,209.9686665150556,0.16318770656033116,0.03833382595528206,0.0014694822123698561,0.1979966620449449,0.021630675022352962,p=20
1,83,500,20,0.1935873133509986,ols,0.0,281.9327327014684,0.13918979913428275,0.03777655344704701,0.0014270679903375992,0.1973124095362344,0.02070936254857334,p=20
1,84,500,20,0.1935873133509986,ols,0.0,263.20247294527917,0.17301242993293428,0.041201864260288844,0.0016975936185232672,0.1988386208988082,0.020858042993786057,p=20
1,85,500,20,0.1935873133509986,ols,0.0,265.0074989717118,0.15014122340307495,0.0389088275505487,0.0015138968613583371,0.19593916266742237,0.020409972447079323,p=20
1,86,500,20,0.1935873133509986,ols,0.0,255.2903662307178,0.1810362252611445,0.040925983389278144,0.0016749361163794706,0.1973766385026989,0.020205811336008177,p=20
1,87,500,20,0.1935873133509986,ols,0.0,251.42275297336727,0.16084913965887335,0.0389031637206097,0.0015134561474725629,0.1977975516034583,0.021936743533241872,p=20
1,88,500,20,0.1935873133509986,ols,0.0,217.83913603601215,0.1693628191086706,0.04013128939464423,0.0016105203884766845,0.19692287902534955,0.020703315944029316,p=20
1,89,500,20,0.1935873133509986,ols,0.0,257.9502872123581,0.178798067067099,0.039706816149777474,0.001576631248752229,0.1978151028227624,0.020670925002952714,p=20
1,90,500,20,0.1935873133509986,ols,0.0,253.8070589165056,0.17080452852802167,0.03919217055284551,0.0015360262326433306,0.199513524850187,0.021603147307901603,p=20
1,91,500,20,0.1935873133509986,ols,0.0,261.13582570657746,0.17714611297954047,0.041578793033992076,0.001728796030163548,0.20043201828721632,0.021367732537054557,p=20
1,92,500,20,0.1935873133509986,ols,0.0,281.9059038781142,0.18531504243855848,0.04204565908268995,0.0017678374476977879,0.19526676095943477,0.02164946744478308,p=20
1,93,500,20,0.1935873133509986,ols,0.0,260.71558331821103,0.17474576284848686,0.03983316187259826,0.0015866807847686162,0.1978449528869275,0.021329423142351384,p=20
1,94,500,20,0.1935873133509986,ols,0.0,281.30850636896906,0.18194440345279786,0.04245480339798193,0.0018024103315612983,0.19946996466630793,0.020739976370563674,p=20
1,95,500,20,0.1935873133509986,ols,0.0,251.78631154892363,0.15939940535196404,0.03753003792328687,0.001408503746523351,0.19828647644894412,0.021630272353872732,p=20
1,96,500,20,0.1935873133509986,ols,0.0,294.7875946815557,0.1757839519783888,0.04032527276986612,0.0016261276239641056,0.1965836384696524,0.020472074217602682,p=20
1,97,500,20,0.1935873133509986,ols,0.0,214.3474845109896,0.15083417732631374,0.039372558986209436,0.0015501984011225415,0.19884203075477794,0.020878695679584836,p=20
1,98,500,20,0.1935873133509986,ols,0.0,217.29208102526854,0.1459753082426654,0.039028151718451594,0.0015231966265584762,0.19847396013753016,0.020926628821625992,p=20
1,99,500,20,0.1935873133509986,ols,0.0,247.27934803656865,0.17602378425683518,0.040737855601051594,0.0016595728789721305,0.1987721832496023,0.020803037096825756,p=20
1,0,500,40,0.1935873133509986,ols,0.0,1252.1677364771692,1.4758277912536055,0.058041278757362445,0.0033687900397898532,0.20326550111948166,0.00021566438998106704,p=40
1,1,500,40,0.1935873133509986,ols,0.0,1316.8317288525468,1.360666101469373,0.05587388067041116,0.0031218905411713456,0.2037039948623612,0.00021548396404427435,p=40
1,2,500,40,0.1935873133509986,ols,0.0,1223.9038690277948,1.2974569966776444,0.05570175887315638,0.003102685941563255,0.20024220807072038,0.00022563191075942782,p=40
1,3,500,40,0.1935873133509986,ols,0.0,1262.7645558802844,1.4054977356112326,0.057514314343012775,0.003307896354346885,0.19967388390928126,0.00023211393560170558,p=40
1,4,500,40,0.1935873133509986,ols,0.0,1233.1975545351315,1.4698656806773962,0.05748437406013433,0.0033044532610854447,0.20174920087617518,0.00021365187624016615,p=40
1,5,500,40,0.1935873133509986,ols,0.0,1239.9403442562577,1.4430054242486023,0.05728992799224682,0.0032821358493568256,0.20157442579842155,0.00022919534328104757,p=40
1,6,500,40,0.1935873133509986,ols,0.0,1166.675190676328,1.4614431460329207,0.05785928006917109,0.0033476962901227794,0.2025885732088506,0.00022181093906798163,p=40
1,7,500,40,0.1935873133509986,ols,0.0,1152.6464456614128,1.4750481945552474,0.05736930483510268,0.003291237137262935,0.2031892548642882,0.00021576021851746414,p=40
1,8,500,40,0.1935873133509986,ols,0.0,1326.525089614213,1.4599627849600705,0.05826876604817096,0.0033952490967764804,0.20205368210134111,0.00021439094341767345,p=40
1,9,500,40,0.1935873133509986,ols,0.0,1271.1521445738335,1.4225289654125004,0.057607545258735515,0.0033186292707372608,0.2020240784184582,0.00021794947810976307,p=40
1,10,500,40,0.1935873133509986,ols,0.0,1241.0902380345738,1.4949703782976729,0.057941884864568693,0.003357262021658935,0.20219701249484995,0.0002068880064585122,p=40
1,11,500,40,0.1935873133509986,ols,0.0,1274.4752172036915,1.2983279931923404,0.054630914407283564,0.002984536808975943,0.2000636931138066,0.00020765842256716005,p=40
1,12,500,40,0.1935873133509986,ols,0.0,1185.8900159743166,1.4661630841682733,0.05789166748040619,0.0033514451636619193,0.20108993690249158,0.00020746557180790676,p=40
1,13,500,40,0.1935873133509986,ols,0.0,1228.4215062743451,1.3213369161964295,0.05554906767646486,0.003085698919724473,0.20372984966917512,0.00021762701064059541,p=40
1,14,500,40,0.1935873133509986,ols,0.0,1213.2787879321677,1.3221468743710982,0.05717340906814802,0.0032687987044737903,0.20257623018876023,0.0002212390934266369,p=40
1,15,500,40,0.1935873133509986,ols,0.0,1189.6382437316865,1.535112280279879,0.05823990939050526,0.0033918870458142627,0.20266230132974397,0.00022471826062334016,p=40
1,16,500,40,0.1935873133509986,ols,0.0,1267.0789036122803,1.4365181791697705,0.05636746792874,0.0031772914406975323,0.20271547332224368,0.00022078175202828903,p=40
1,17,500,40,0.1935873133509986,ols,0.0,1140.556307260413,1.4081897106763461,0.055962801705713244,0.0031318351747529815,0.2017031872331607,0.00021946824611173522,p=40
1,18,500,40,0.1935873133509986,ols,0.0,1271.691060806824,1.3270490850599743,0.056477754910110436,0.0031897367996865035,0.20231096368187143,0.00022386209160733236,p=40
1,19,500,40,0.1935873133509986,ols,0.0,1222.110692511329,1.3976970580815173,0.057545929832191735,0.0033115340402515344,0.2004076384541404,0.00021311046308860747,p=40
1,20,500,40,0.1935873133509986,ols,0.0,1188.2529347567186,1.5144562604370546,0.05711866165476995,0.0032625415092320865,0.2025390880778799,0.0002164726359476876,p=40
1,21,500,40,0.1935873133509986,ols,0.0,1255.6126337874857,1.4633911629051441,0.05853328232443874,0.0034261451396724527,0.20247197178022952,0.00020741888903922097,p=40
1,22,500,40,0.1935873133509986,ols,0.0,1090.5017773333873,1.3484675084647102,0.056718515833770126,0.003216990038385632,0.20061286485080615,0.00020555129423664045,p=40
1,23,500,40,0.1935873133509986,ols,0.0,1166.3192116162882,1.3457233131835609,0.05622393190836613,0.003161130519236591,0.20204553022603677,0.00020788232134994584,p=40
1,24,500,40,0.1935873133509986,ols,0.0,1074.595418468421,1.448176963997654,0.05835791571851587,0.0034056463270094013,0.20080923875899398,0.0002258208556537796,p=40
1,25,500,40,0.1935873133509986,ols,0.0,1071.1071190517052,1.3795310093231785,0.057163870082609224,0.0032677080428214255,0.20099761765660512,0.0002201730605635226,p=40
1,26,500,40,0.1935873133509986,ols,0.0,1140.7087599405234,1.4789937526162833,0.059246394104482854,0.003510135214383701,0.20294533960505448,0.00022497320760748543,p=40
1,27,500,40,0.1935873133509986,ols,0.0,1268.324916468671,1.5294821111185335,0.05856531703440737,0.003429896359340646,0.20071039728624457,0.00021923530082404064,p=40
1,28,500,40,0.1935873133509986,ols,0.0,1257.2979905533948,1.4655926482988617,0.05714592312139673,0.0032656565293965848,0.20202735376680267,0.00022605737489398358,p=40
1,29,500,40,0.1935873133509986,ols,0.0,1246.3416680500616,1.3774292987142474,0.056501490629888906,0.0031924184433994238,0.2017503085639622,0.00022010759864745326,p=40
1,30,500,40,0.1935873133509986,ols,0.0,1181.5034125915709,1.4041567298407478,0.05759526705409782,0.0033172147870328458,0.20235503196027813,0.00022514405142459411,p=40
1,31,500,40,0.1935873133509986,ols,0.0,1134.5919253806298,1.3812353270005366,0.056125440023939835,0.0031500650178808674,0.20023246072262654,0.0002160793999113362,p=40
1,32,500,40,0.1935873133509986,ols,0.0,1205.5661599552463,1.3074487766959209,0.0571223594511395,0.0032629639492651862,0.20062479049021031,0.0002153135641739816,p=40
1,33,500,40,0.1935873133509986,ols,0.0,1167.968053387412,1.34644675782981,0.05726077610870708,0.0032787964805714794,0.2033407081582432,0.00020349938740702332,p=40
1,34,500,40,0.1935873133509986,ols,0.0,1309.6464316891572,1.438743765844804,0.0585626659658372,0.0034295858450262267,0.20078045122697175,0.00021623319363026528,p=40
1,35,500,40,0.1935873133509986,ols,0.0,1213.9826917703808,1.406527308208196,0.05594044361427274,0.0031293332317616283,0.20151385606497746,0.00022050151054536186,p=40
1,36,500,40,0.1935873133509986,ols,0.0,1203.6707778502223,1.3823237424465322,0.057712160437944485,0.003330693462415044,0.2019655970701201,0.00021092159461218792,p=40
1,37,500,40,0.1935873133509986,ols,0.0,1120.8788241065783,1.4901129643097208,0.0580054032280004,0.003364626803642919,0.20184145378733243,0.00021121727097382165,p=40
1,38,500,40,0.1935873133509986,ols,0.0,1242.442490195637,1.3815948001024074,0.05805608449761943,0.0033705089471947275,0.20219710544059152,0.00022003395011070556,p=40
1,39,500,40,0.1935873133509986,ols,0.0,1306.3165879568462,1.452035480990016,0.05776285318568826,0.0033365472081513764,0.20058359460234096,0.00021288765576226763,p=40
1,40,500,40,0.1935873133509986,ols,0.0,1036.7512378755769,1.5835077597536111,0.05934051026489348,0.003521296158497929,0.20234402509752084,0.00020206624243447168,p=40
1,41,500,40,0.1935873133509986,ols,0.0,1010.3273855924207,1.4040268288953006,0.058289077484825216,0.0033976165540319583,0.20205216111636523,0.00020890125241019252,p=40
1,42,500,40,0.1935873133509986,ols,0.0,1287.5075503913695,1.3659093945315348,0.05692725339962116,0.0032407121796246786,0.20180208439637543,0.00020765578540310098,p=40
1,43,500,40,0.1935873133509986,ols,0.0,1266.9133740992847,1.4168759049703932,0.057369672320687105,0.003291279302183012,0.202047581867563,0.00021719827219837776,p=40
1,44,500,40,0.1935873133509986,ols,0.0,1228.219251787327,1.4929437274342674,0.057349072887651655,0.003288916161073182,0.20227315239261748,0.00021324487164480497,p=40
1,45,500,40,0.1935873133509986,ols,0.0,1286.4012692324404,1.4063173968173015,0.05749227415276238,0.0033053615872563895,0.20103431592591858,0.0002139544698340169,p=40
1,46,500,40,0.1935873133509986,ols,0.0,1225.4558009098812,1.3035168527859327,0.05535543574255831,0.003064224266248502,0.2014456503635249,0.00021309240899944256,p=40
1,47,500,40,0.1935873133509986,ols,0.0,1263.2375589713135,1.6716612840460747,0.06207228805107056,0.0038529689438950767,0.20367256912569137,0.00022593781655678562,p=40
1,48,500,40,0.1935873133509986,ols,0.0,1150.0290452507434,1.3910588702864946,0.057828358307889086,0.003344119024585605,0.20110429573943767,0.00020910056799303364,p=40
1,49,500,40,0.1935873133509986,ols,0.0,1233.2689734774242,1.3209254659446907,0.055008392355845065,0.0030259232295745935,0.20150333153518302,0.0002133377650085371,p=40
1,50,500,40,0.1935873133509986,ols,0.0,1083.6097010338358,1.3879812485907983,0.05658489385248291,0.0032018502122967583,0.2021575850027344,0.0002212096552439808,p=40
1,51,500,40,0.1935873133509986,ols,0.0,1344.2493327622851,1.2448995704084875,0.055079481930197675,0.003033749329698972,0.20192897599929072,0.00022613862667588455,p=40
1,52,500,40,0.1935873133509986,ols,0.0,1046.1870912513452,1.4183155397039657,0.05751167192392354,0.003307592407485015,0.20043794824513034,0.00021198432431877824,p=40
1,53,500,40,0.1935873133509986,ols,0.0,1310.6509061725496,1.4175667554778386,0.058078497901950424,0.00337311191854686,0.2032617591369082,0.00022397809181349033,p=40
1,54,500,40,0.1935873133509986,ols,0.0,1266.2654437236936,1.3357367714261312,0.05655907871059634,0.0031989293845914317,0.20097882510713602,0.00021150214448198656,p=40
1,55,500,40,0.1935873133509986,ols,0.0,1224.7841719472492,1.3901314894860273,0.056562639874091984,0.00319933222952622,0.20145869214912415,0.00022361723706263004,p=40
1,56,500,40,0.1935873133509986,ols,0.0,1268.5655732021744,1.4392202861300967,0.058474599916052,0.0034192788353423482,0.20144429748135928,0.00021898771081212248,p=40
1,57,500,40,0.1935873133509986,ols,0.0,1118.608810242406,1.401670337877703,0.05668946587276365,0.0032136955409392343,0.2007722229328139,0.00021144366085402126,p=40
1,58,500,40,0.1935873133509986,ols,0.0,1127.999443284945,1.4250696942718337,0.057033844123363826,0.0032528593754881626,0.20141094969675966,0.00021512728093422485,p=40
1,59,500,40,0.1935873133509986,ols,0.0,1178.6635409495063,1.317077217634112,0.05614445312006505,0.0031521996161511822,0.20160734860241336,0.00021310963751126482,p=40
1,60,500,40,0.1935873133509986,ols,0.0,1229.9806816682055,1.3310850986665992,0.057210813105196115,0.00327307713615768,0.20274239530670568,0.00020095230148756016,p=40
1,61,500,40,0.1935873133509986,ols,0.0,1267.3153685305133,1.2762345204464038,0.05450858493471644,0.0029711858315851964,0.20205533168456857,0.00021426707501499817,p=40
1,62,500,40,0.1935873133509986,ols,0.0,1227.3189501739641,1.3677029014188253,0.05628258021062028,0.003167728835164905,0.20081974517241027,0.00022417517466567392,p=40
1,63,500,40,0.1935873133509986,ols,0.0,1214.0612541191529,1.4517844504030308,0.05702927928987026,0.0032523386963220252,0.20031720757517937,0.00021712368036713112,p=40
1,64,500,40,0.1935873133509986,ols,0.0,1146.8975170516003,1.4117762214361749,0.057529578136151886,0.003309652360523605,0.20128270875151766,0.00021303246613527913,p=40
1,65,500,40,0.1935873133509986,ols,0.0,1254.923024660972,1.493142101845666,0.05886368771280901,0.0034649337311511027,0.20059127077538183,0.00021198341677197458,p=40
1,66,500,40,0.1935873133509986,ols,0.0,1245.4143687361075,1.5733785376432032,0.05925491646261667,0.0035111451249916804,0.20234650741410964,0.00021340819703352456,p=40
1,67,500,40,0.1935873133509986,ols,0.0,1247.8395819775121,1.3864174112335084,0.05737081399091182,0.003291410297979803,0.20261322706979074,0.00022112010616541047,p=40
1,68,500,40,0.1935873133509986,ols,0.0,1321.4425571006138,1.4102962709155562,0.058270028536250976,0.003395396225615503,0.20004426036531212,0.00021384260824145102,p=40
1,69,500,40,0.1935873133509986,ols,0.0,1288.8425359564087,1.3454443712687647,0.05690631031632676,0.0032383281538180776,0.1999637133830062,0.0002127727107413329,p=40
1,70,500,40,0.1935873133509986,ols,0.0,1319.3112628843778,1.420262544074647,0.057521202009007864,0.0033086886805610903,0.20306163314050957,0.00021157619196600166,p=40
1,71,500,40,0.1935873133509986,ols,0.0,1455.6245905806695,1.3991320490962942,0.05658753918862618,0.003202149591424304,0.2018437506192224,0.00021689782478391482,p=40
1,72,500,40,0.1935873133509986,ols,0.0,1155.3665662244082,1.3007906656327592,0.055114574631263846,0.0030376163367851526,0.20143715922406963,0.00022247102136428818,p=40
1,73,500,40,0.1935873133509986,ols,0.0,1134.1103382886777,1.4054907300021926,0.0567977414335307,0.0032259834319502104,0.20047149251825838,0.00022390426407582826,p=40
1,74,500,40,0.1935873133509986,ols,0.0,1297.051189240417,1.4393489631713807,0.05778644667383441,0.0033392734191879077,0.20167014011886902,0.0002196699808045817,p=40
1,75,500,40,0.1935873133509986,ols,0.0,995.6921727082345,1.4401275523998558,0.058057859633772545,0.003370715065254835,0.20135744324909974,0.00021752050887308458,p=40
1,76,500,40,0.1935873133509986,ols,0.0,1139.9053479598972,1.406542141880694,0.05727559392239804,0.003280493659163439,0.20060026036656955,0.00022414181855767875,p=40
1,77,500,40,0.1935873133509986,ols,0.0,1446.6039264835447,1.4815028215575927,0.059765388008608415,0.003571901603819515,0.20338240565074256,0.0002102564494947102,p=40
1,78,500,40,0.1935873133509986,ols,0.0,1190.9283564581472,1.4752443080239785,0.059016630065989804,0.003482962624345892,0.2032753198669693,0.00021706164535030374,p=40
1,79,500,40,0.1935873133509986,ols,0.0,1329.6860917662202,1.3468226294762535,0.05630735939932621,0.00317051872252489,0.20047328674506049,0.00021642856407461957,p=40
1,80,500,40,0.1935873133509986,ols,0.0,1127.1820260945804,1.3760792478130661,0.05716174861523503,0.0032674655047513234,0.20356874829398722,0.00022353346292563325,p=40
1,81,500,40,0.1935873133509986,ols,0.0,1328.5743134249567,1.3613979722256182,0.0562176147951215,0.0031604202132526644,0.20141740575857456,0.00021069270750000325,p=40
1,82,500,40,0.1935873133509986,ols,0.0,1002.0167816757619,1.3789437414542944,0.05677716492247825,0.0032236464566342948,0.20288411236038267,0.00022885984565621342,p=40
1,83,500,40,0.1935873133509986,ols,0.0,1486.4625754734998,1.373741172673851,0.05603802429381516,0.003140260166754218,0.20168189306423745,0.00020981912023433047,p=40
1,84,500,40,0.1935873133509986,ols,0.0,1180.024060134328,1.4291640989724217,0.05824049192286706,0.003391954899417543,0.2032368428831759,0.00021851198785093648,p=40
1,85,500,40,0.1935873133509986,ols,0.0,1266.79650658129,1.45515825871948,0.05711837115248643,0.0032625083231131937,0.20231720690371097,0.00021563480896036642,p=40
1,86,500,40,0.1935873133509986,ols,0.0,1172.7386649340083,1.3771644596722643,0.05701255788136418,0.0032504317561759008,0.20159425492677882,0.00022020374312002816,p=40
1,87,500,40,0.1935873133509986,ols,0.0,1077.8323833689967,1.2776293005925445,0.054574590403745314,0.0029783859177365704,0.20167268861486676,0.0002126845910681239,p=40
1,88,500,40,0.1935873133509986,ols,0.0,1057.804105166344,1.4564959471352186,0.058578552197523504,0.0034314467775579858,0.20218741701275963,0.00022882352598262482,p=40
1,89,500,40,0.1935873133509986,ols,0.0,1255.357814971773,1.3354577615847867,0.05679053548463656,0.0032251649206317644,0.20125048624365163,0.00022317904202459534,p=40
1,90,500,40,0.1935873133509986,ols,0.0,1159.1255470076096,1.4404067188146983,0.05713637234869679,0.0032645650451689234,0.2011591827032361,0.00022744756597148653,p=40
1,91,500,40,0.1935873133509986,ols,0.0,1166.1369788433083,1.4973681053091787,0.05970292494995459,0.00356443924757991,0.20175169167799126,0.0002042672547147136,p=40
1,92,500,40,0.1935873133509986,ols,0.0,1167.518488056857,1.5540287393631445,0.05905973872993534,0.003488052738848225,0.20323780019254725,0.00020467744545991904,p=40
1,93,500,40,0.1935873133509986,ols,0.0,1201.668007686986,1.4252111026374106,0.057882957842946454,0.0033504368086483163,0.2024670502871336,0.00021254595079674715,p=40
1,94,500,40,0.1935873133509986,ols,0.0,1281.4721062700585,1.47464400259835,0.058846926222293726,0.0034629607258120807,0.20235652073069155,0.0002193860294143999,p=40
1,95,500,40,0.1935873133509986,ols,0.0,1114.2471322124095,1.430851533773871,0.057795776918763815,0.0033403518296435124,0.20049857291477588,0.0002147181371709657,p=40
1,96,500,40,0.1935873133509986,ols,0.0,1357.379101953055,1.4691015515936,0.05901243544972093,0.0034824675377074796,0.20139385311077634,0.00022380459983623228,p=40
1,97,500,40,0.1935873133509986,ols,0.0,1096.9806915306276,1.377155026033211,0.057140694450355155,0.0032650589622688487,0.2013252081182886,0.0002289123412267113,p=40
1,98,500,40,0.1935873133509986,ols,0.0,1138.155642782916,1.3731824804902266,0.056195378850228725,0.003157920604120734,0.20088080589586438,0.00020790695593386668,p=40
1,99,500,40,0.1935873133509986,ols,0.0,1195.8511681946518,1.435374884381656,0.05831890449776045,0.0034010946218189036,0.2007230839251264,0.00021068187516913144,p=40
1,0,500,80,0.1935873133509986,ols,0.0,2.2328867323703086e+18,3.605944137229169,0.064675159678613,0.004182876279454089,0.2041592498611401,5.376170433673192e-05,p=80
1,1,500,80,0.1935873133509986,ols,0.0,1.0216469849677748e+18,3.6960819975047188,0.06484508958577158,0.0042048856433867425,0.20361551450725698,5.415603756832366e-05,p=80
1,2,500,80,0.1935873133509986,ols,0.0,8.383806208952471e+17,3.6255506530375947,0.06432873775187013,0.004138186500748881,0.20338002451164142,5.2945748095490044e-05,p=80
1,3,500,80,0.1935873133509986,ols,0.0,1.7986814137532933e+18,3.745948625294255,0.06520330319854985,0.004251470748002021,0.20350302791440184,5.296806699076176e-05,p=80
1,4,500,80,0.1935873133509986,ols,0.0,2.111066958045353e+18,3.526540072054002,0.06397719311920586,0.004093081239412161,0.20466380556534447,5.037795134725819e-05,p=80
1,5,500,80,0.1935873133509986,ols,0.0,9.341710785679674e+17,3.578635583277389,0.06502213372164445,0.004227877873715411,0.20489955561016307,5.6933131669275416e-05,p=80
1,6,500,80,0.1935873133509986,ols,0.0,1.6490616814844424e+18,3.663190313939457,0.06588262451998705,0.0043405202136416,0.20414001936679715,5.4542253593624636e-05,p=80
1,7,500,80,0.1935873133509986,ols,0.0,1.8334225825978724e+18,3.6170277671736097,0.0642021397709164,0.004121914751164286,0.20484617165097607,4.965618182695868e-05,p=80
1,8,500,80,0.1935873133509986,ols,0.0,8.925958812018992e+18,3.6626992789156985,0.06593075374282044,0.004346864289096431,0.204805875512334,5.6539908339708804e-05,p=80
1,9,500,80,0.1935873133509986,ols,0.0,1.2367009262333237e+19,3.5427365260939006,0.06499883501196145,0.0042248485529121855,0.2056147535509615,5.205382740928988e-05,p=80
1,10,500,80,0.1935873133509986,ols,0.0,1.5222522835925561e+19,3.4119445262301684,0.06335105396083858,0.004013356037949081,0.20371909655425854,5.399110078988471e-05,p=80
1,11,500,80,0.1935873133509986,ols,0.0,1.9101067710968645e+18,3.5893876111822034,0.06462240583951907,0.004176055336487509,0.20381648269144145,5.1338209998510045e-05,p=80
1,12,500,80,0.1935873133509986,ols,0.0,1.2849888765111905e+18,3.4428787485237704,0.06347671215981618,0.004029292986620155,0.2039419699189393,4.9219662622098274e-05,p=80
1,13,500,80,0.1935873133509986,ols,0.0,6.11788875761503e+18,3.582113516458,0.06498716130764404,0.0042233311348257455,0.20457403240143762,5.369213794544458e-05,p=80
1,14,500,80,0.1935873133509986,ols,0.0,2.2580341931259658e+18,3.5510086043394513,0.06448743946915213,0.00415862984928756,0.20323299870163106,5.403834824348918e-05,p=80
1,15,500,80,0.1935873133509986,ols,0.0,9.49443389303367e+18,3.6877454040892825,0.06516725900172268,0.004246771645797605,0.20473480791827492,5.2413757421294976e-05,p=80
1,16,500,80,0.1935873133509986,ols,0.0,3.453717534429998e+18,3.4864090638073946,0.06449880601052174,0.004160095976782916,0.2037722464646532,5.329353800994796e-05,p=80
1,17,500,80,0.1935873133509986,ols,0.0,1.394568382081332e+18,3.607175190248962,0.06453584128863638,0.004164874810832063,0.20516524961146923,5.361795271149238e-05,p=80
1,18,500,80,0.1935873133509986,ols,0.0,1.2878802711630705e+20,3.5186000308021437,0.06490074158579498,0.004212106258386137,0.20565537074918142,5.364222028654868e-05,p=80
1,19,500,80,0.1935873133509986,ols,0.0,3.2726535616069453e+18,3.498481422766676,0.06441168956484702,0.004148865752598222,0.20438916974307414,5.108506530713798e-05,p=80
1,20,500,80,0.1935873133509986,ols,0.0,2.428301518201387e+18,3.7243294253386408,0.06550821934778756,0.004291326802117848,0.20328181320535257,5.272163581991328e-05,p=80
1,21,500,80,0.1935873133509986,ols,0.0,6.070904693341913e+18,3.6800094734963915,0.0656474089108525,0.004309582296708676,0.20475367942106243,4.9480453393922165e-05,p=80
1,22,500,80,0.1935873133509986,ols,0.0,1.6196822136847933e+18,3.8482146006808464,0.06576820554252247,0.004325456860283483,0.2040158007492061,5.347442403913213e-05,p=80
1,23,500,80,0.1935873133509986,ols,0.0,9.844912921724499e+17,3.561878650697231,0.06508590406378288,0.0042361749077999495,0.20411366372995615,5.5403873304748434e-05,p=80
1,24,500,80,0.1935873133509986,ols,0.0,2.4675537370391936e+18,3.386165558847755,0.06391027533601187,0.004084523293524847,0.20395366294757408,5.42942646524439e-05,p=80
1,25,500,80,0.1935873133509986,ols,0.0,9.146981043156348e+18,3.6545336881759956,0.0652790703547123,0.004261357026375478,0.20384670604999588,5.2374555625419016e-05,p=80
1,26,500,80,0.1935873133509986,ols,0.0,5.625201176821381e+18,3.725846230695944,0.06509956346588877,0.004237953163449279,0.20472861905885464,5.3619085754936114e-05,p=80
1,27,500,80,0.1935873133509986,ols,0.0,1.0724518123524526e+19,3.4187053957499463,0.06336168842384865,0.004014703559920877,0.20508603403843254,5.267532792525676e-05,p=80
1,28,500,80,0.1935873133509986,ols,0.0,2.716107492763622e+18,3.7581724512950854,0.06627838997250489,0.0043928249773474365,0.20449320919748354,5.423712191007675e-05,p=80
1,29,500,80,0.1935873133509986,ols,0.0,3.2651070142652815e+18,3.6404904290838895,0.06451787597964206,0.004162556320924475,0.20508488351535503,5.299803766870843e-05,p=80
1,30,500,80,0.1935873133509986,ols,0.0,1.5685594726394824e+18,3.542880075681055,0.06451276768028903,0.004161897193770946,0.2044714327187125,5.382062550008795e-05,p=80
1,31,500,80,0.1935873133509986,ols,0.0,9.425760009192804e+17,3.671955813567322,0.06511131946034657,0.004239483921867305,0.20394536209067896,5.2155228988070873e-05,p=80
1,32,500,80,0.1935873133509986,ols,0.0,2.640839629998293e+18,3.420856415898637,0.0630984805145942,0.003981418243250624,0.20519377602122424,5.2102804096089006e-05,p=80
1,33,500,80,0.1935873133509986,ols,0.0,1.5047404552057605e+18,3.5244594623977696,0.06499796456359425,0.0042247353974102534,0.2029380028798177,5.268245139911975e-05,p=80
1,34,500,80,0.1935873133509986,ols,0.0,2.3105552148407583e+18,3.7697620439728055,0.06544854606902864,0.004283512182549765,0.20412295507126693,5.299528184982959e-05,p=80
1,35,500,80,0.1935873133509986,ols,0.0,9.436657676821569e+17,3.577060666426372,0.06480134804316,0.004199214708210756,0.20314429999909148,5.523647420904672e-05,p=80
1,36,500,80,0.1935873133509986,ols,0.0,5.754014740277083e+18,3.828761126775343,0.06548323007245963,0.00428805342072268,0.2036228264691527,5.253625557144028e-05,p=80
1,37,500,80,0.1935873133509986,ols,0.0,1.3115330725246894e+18,3.6577280089150004,0.06407099810168204,0.004105092797745743,0.20360278640027535,5.163800643866829e-05,p=80
1,38,500,80,0.1935873133509986,ols,0.0,3.319957933099352e+19,3.8223990130529466,0.06654881585093961,0.004428744891162272,0.20546851683582942,5.061175220992651e-05,p=80
1,39,500,80,0.1935873133509986,ols,0.0,9.642378154842053e+17,3.5302517245852902,0.06352295961491987,0.00403516639823874,0.20345240891583768,5.323350228167772e-05,p=80
1,40,500,80,0.1935873133509986,ols,0.0,2.438561587486625e+18,3.6249101647955406,0.0639014728920786,0.004083398237777058,0.20319642950856337,5.347187008186279e-05,p=80
1,41,500,80,0.1935873133509986,ols,0.0,3.6101518152973594e+18,3.74140153469606,0.06585553191643373,0.004336951083996421,0.20307252706634837,5.215227240282153e-05,p=80
1,42,500,80,0.1935873133509986,ols,0.0,4.2796555864284155e+18,3.708498351882394,0.0646495057788523,0.004179558597449857,0.2034155098917945,5.269284881505882e-05,p=80
1,43,500,80,0.1935873133509986,ols,0.0,1.699263219849152e+18,3.544579846185836,0.06382776004703594,0.004073982952621998,0.20267521636097288,5.177080177249177e-05,p=80
1,44,500,80,0.1935873133509986,ols,0.0,1.6689560090082388e+18,3.430652247718726,0.06507011338937198,0.004234119656505727,0.2038116920332202,5.3249475813686836e-05,p=80
1,45,500,80,0.1935873133509986,ols,0.0,3.864379674733035e+18,3.733808152970929,0.06574497736191999,0.0043224020483193714,0.20363159584112536,5.440556638774934e-05,p=80
1,46,500,80,0.1935873133509986,ols,0.0,1.7633222159723564e+18,3.6582933243762943,0.06506233469492154,0.004233107395953991,0.20499158637460413,5.0497116416326226e-05,p=80
1,47,500,80,0.1935873133509986,ols,0.0,1.151411694334977e+18,3.842338733365825,0.06551598876264703,0.004292344783547291,0.2043368834130248,5.3041350173553385e-05,p=80
1,48,500,80,0.1935873133509986,ols,0.0,1.7336928973255788e+18,3.3878326784704744,0.06361390619413118,0.004046729061275722,0.20262389251042937,5.48219283524067e-05,p=80
1,49,500,80,0.1935873133509986,ols,0.0,2.960179647740171e+18,3.775380736245057,0.06632262898297661,0.004398691115213569,0.20523189182845603,5.144292164373454e-05,p=80
1,50,500,80,0.1935873133509986,ols,0.0,9.808595824093192e+18,3.570577078773323,0.0643398022352433,0.004139610151670218,0.20535183972680238,5.408656266649803e-05,p=80
1,51,500,80,0.1935873133509986,ols,0.0,5.972855865516616e+18,3.7543130341426023,0.06519213033798604,0.00425001385800496,0.20384539682893427,5.4833585638987644e-05,p=80
1,52,500,80,0.1935873133509986,ols,0.0,1.4321727163254948e+18,3.5666786851875925,0.0642126033842676,0.004123258433385254,0.20381430616451404,5.0132690502430374e-05,p=80
1,53,500,80,0.1935873133509986,ols,0.0,5.331190770513712e+18,3.7949686793634614,0.06622009191124896,0.00438510057273426,0.20531702840304217,5.31897614632679e-05,p=80
1,54,500,80,0.1935873133509986,ols,0.0,5.524567938580686e+18,3.4690601056341808,0.06307753347484399,0.003978775229270063,0.20425589982595546,5.26660773657012e-05,p=80
1,55,500,80,0.1935873133509986,ols,0.0,2.4043886953136046e+18,3.6677246729736415,0.06559904844338169,0.004303235156677137,0.20465739011679998,5.638899390965741e-05,p=80
1,56,500,80,0.1935873133509986,ols,0.0,1.4812787522989875e+18,3.492346763724654,0.06306897884305392,0.003977696092305583,0.20461583749747303,5.3542977212555e-05,p=80
1,57,500,80,0.1935873133509986,ols,0.0,2.0793988286652695e+18,3.474489716724088,0.06499570709063376,0.0042244419402114606,0.2046151200068862,5.233008787386104e-05,p=80
1,58,500,80,0.1935873133509986,ols,0.0,3.069197914013133e+18,3.63303603352509,0.0644530781732112,0.004154199286002074,0.20347460142430637,5.381860271363603e-05,p=80
1,59,500,80,0.1935873133509986,ols,0.0,1.593900737812536e+18,3.839738156581535,0.06653524224133489,0.004426938460113115,0.2047886904229513,5.257050494570584e-05,p=80
1,60,500,80,0.1935873133509986,ols,0.0,4.1182563866582467e+18,3.4289989917918393,0.06365879874049836,0.004052442657083275,0.2044903289934034,5.100998548177254e-05,p=80
1,61,500,80,0.1935873133509986,ols,0.0,7.372408126610082e+18,3.5097633847621648,0.06357344088651386,0.004041582386151071,0.20395781204091046,5.4578973889728856e-05,p=80
1,62,500,80,0.1935873133509986,ols,0.0,3.2359890300467584e+18,3.4733810070698627,0.06511998775736226,0.004240612805519011,0.20451143023413668,5.227886356215339e-05,p=80
1,63,500,80,0.1935873133509986,ols,0.0,6.585167799275684e+18,3.671835618763149,0.06470468716743417,0.004186696541435522,0.2035791157607991,5.0136536188937e-05,p=80
1,64,500,80,0.1935873133509986,ols,0.0,5.62059948816436e+18,3.598873610106457,0.06436468543064208,0.004142812730585509,0.20305650476656584,4.97836693286245e-05,p=80
1,65,500,80,0.1935873133509986,ols,0.0,3.502377183046045e+18,3.486989182229798,0.06420128539711,0.004121805046641169,0.20478267665097352,5.093550045318763e-05,p=80
1,66,500,80,0.1935873133509986,ols,0.0,2.2338264781533865e+18,3.7914835756336003,0.06558361749098278,0.004301210883203543,0.20290731457327985,5.4597378695986305e-05,p=80
1,67,500,80,0.1935873133509986,ols,0.0,1.233792574091859e+18,3.6142469183646,0.06548467256976953,0.004288242341569926,0.2048524808181086,5.4813799555684714e-05,p=80
1,68,500,80,0.1935873133509986,ols,0.0,3.3336246289708605e+18,3.7289748862200747,0.06572517146743989,0.004319798164424374,0.20400778986777102,5.282535735593486e-05,p=80
1,69,500,80,0.1935873133509986,ols,0.0,1.1830548450556506e+18,3.5037320994536274,0.06435451680809573,0.0041415038336034765,0.20364610285341828,5.080427004874099e-05,p=80
1,70,500,80,0.1935873133509986,ols,0.0,6.790043790004099e+17,3.821885711014722,0.06638955561283771,0.004407573094470071,0.20520024505404602,5.173276423289222e-05,p=80
1,71,500,80,0.1935873133509986,ols,0.0,3.1425398189965394e+18,3.547735656566631,0.06367109676015356,0.004054008562640838,0.20375091132920609,5.50485446036472e-05,p=80
1,72,500,80,0.1935873133509986,ols,0.0,1.5596258011132432e+19,3.5516284561311067,0.06334634016901422,0.004012758812808465,0.2036948971150117,5.204710514416988e-05,p=80
1,73,500,80,0.1935873133509986,ols,0.0,3.1220866559325725e+19,3.487008738045554,0.06505282735699,0.004231870347138347,0.2035689606650437,5.3857810321317454e-05,p=80
1,74,500,80,0.1935873133509986,ols,0.0,2.44811476965823e+19,3.461451217046035,0.06431418229786107,0.004136314044642505,0.20351840257251597,5.278253525184232e-05,p=80
1,75,500,80,0.1935873133509986,ols,0.0,4.1949202406410396e+19,3.5955839072758486,0.06493121949908572,0.0042160632656384495,0.20474530176588343,5.268252848997888e-05,p=80
1,76,500,80,0.1935873133509986,ols,0.0,1.4304342348352233e+19,3.7266662512554958,0.06496037473888404,0.004219850286216243,0.20422611695479584,5.1168098557553295e-05,p=80
1,77,500,80,0.1935873133509986,ols,0.0,3.3617337206475515e+18,3.608046295294032,0.06590736915195962,0.004343781308532679,0.2042740407180562,5.251768499492073e-05,p=80
1,78,500,80,0.1935873133509986,ols,0.0,1.632081174618217e+18,3.5278663163886512,0.064390352606943,0.004146117508846451,0.20327769657163855,5.229473284913089e-05,p=80
1,79,500,80,0.1935873133509986,ols,0.0,1.9787465998997747e+18,3.510373295399301,0.0639568418679516,0.004090477621722166,0.20350414521926474,5.2796661244235745e-05,p=80
1,80,500,80,0.1935873133509986,ols,0.0,6.516440621656449e+18,3.6484701116494533,0.06554205194780778,0.004295760573529134,0.20407261082816783,5.240165457682783e-05,p=80
1,81,500,80,0.1935873133509986,ols,0.0,1.335836858846274e+18,3.6471696718082725,0.06520439027906771,0.0042516125116649804,0.20471926066219043,5.3203487711303016e-05,p=80
1,82,500,80,0.1935873133509986,ols,0.0,6.441435080866258e+18,3.6288021255507474,0.06532001351673815,0.0042667041658268545,0.20443808863080853,5.311623292311047e-05,p=80
1,83,500,80,0.1935873133509986,ols,0.0,1.5642663450667528e+18,3.3696101613565155,0.06354670267886288,0.004038183421355798,0.20351341673621504,5.233269059669098e-05,p=80
1,84,500,80,0.1935873133509986,ols,0.0,2.2326067016991048e+18,3.47574269243711,0.06448586462092518,0.004158426735908289,0.2035504080739529,5.26341988906353e-05,p=80
1,85,500,80,0.1935873133509986,ols,0.0,2.649492410580936e+18,3.732138250205153,0.06605296894115562,0.004362994705941269,0.20519431714538952,5.146123256426373e-05,p=80
1,86,500,80,0.1935873133509986,ols,0.0,3.6823175096730477e+19,3.418981384087864,0.06390992622885816,0.004084478670578093,0.20267256250264637,5.006383497933715e-05,p=80
1,87,500,80,0.1935873133509986,ols,0.0,2.0878655455727898e+18,3.3385670973454946,0.0627499055983598,0.003937550652603067,0.20352013346099415,5.309723452510889e-05,p=80
1,88,500,80,0.1935873133509986,ols,0.0,3.990096837960756e+19,3.536507594178845,0.06335251741421938,0.004013541462718969,0.2044249719306452,5.200281355254102e-05,p=80
1,89,500,80,0.1935873133509986,ols,0.0,1.6414204892486172e+18,3.623633566167536,0.06634385167108359,0.004401506654554741,0.20553542919586326,5.294732457289601e-05,p=80
1,90,500,80,0.1935873133509986,ols,0.0,2.4489243127482906e+18,3.4997763092921534,0.06437716502825444,0.004144419377075106,0.20488114148055914,5.5263987749675146e-05,p=80
1,91,500,80,0.1935873133509986,ols,0.0,9.199974003349436e+17,3.548061844880686,0.06506950887015597,0.0042340409846033066,0.2031071192899329,5.176446239163158e-05,p=80
1,92,500,80,0.1935873133509986,ols,0.0,1.6971852517116723e+18,3.7154826353258055,0.0650631342837563,0.0042332114428261045,0.20296868136283633,5.3272942877679e-05,p=80
1,93,500,80,0.1935873133509986,ols,0.0,1.15785793313908e+19,3.6993197894655645,0.06519117655808145,0.004249889501026948,0.2034432739848561,5.1663788755300714e-05,p=80
1,94,500,80,0.1935873133509986,ols,0.0,1.1079805562118531e+19,3.4958046225208297,0.06368190809158318,0.004055385418184848,0.20506036180890497,5.232572709651221e-05,p=80
1,95,500,80,0.1935873133509986,ols,0.0,3.860858115187257e+18,3.5706532832679074,0.06346655970678677,0.004028004201015131,0.20338887558809265,5.454765969081331e-05,p=80
1,96,500,80,0.1935873133509986,ols,0.0,2.4370569829805225e+18,3.7027391120034165,0.06538210637771266,0.004274819834386536,0.20486137145096883,5.527605341001177e-05,p=80
1,97,500,80,0.1935873133509986,ols,0.0,1.4156511952834982e+18,3.6132588564536867,0.06565385028885605,0.004310428057751523,0.20448208638770107,5.4043211109831775e-05,p=80
1,98,500,80,0.1935873133509986,ols,0.0,2.3177223018019824e+19,3.553666945891353,0.06450717801930929,0.0041611760160148595,0.20449364328774935,5.162699964759588e-05,p=80
1,99,500,80,0.1935873133509986,ols,0.0,2.0231242558277156e+18,3.5566115319176026,0.0645627446339496,0.004168347994668588,0.20311108617110818,4.875855054246432e-05,p=80
1,0,500,160,0.1935873133509986,ols,0.0,4.5558190362205604e+18,3.5208711474691183,0.06378209344105516,0.004068155443723492,0.20362456704952905,1.3447962732847538e-05,p=160
1,1,500,160,0.1935873133509986,ols,0.0,4.958881687161258e+18,3.721366509194789,0.0646741021957687,0.004182739494828735,0.20470121748776535,1.3588069159704345e-05,p=160
1,2,500,160,0.1935873133509986,ols,0.0,2.2979277972892054e+19,3.449136587223679,0.064474524400606,0.0041569642966843385,0.20431154014908634,1.3214753168868323e-05,p=160
1,3,500,160,0.1935873133509986,ols,0.0,7.105658411613386e+18,3.579621333954057,0.06406544114088061,0.0041043807485756385,0.2048214106652812,1.3127930772528213e-05,p=160
1,4,500,160,0.1935873133509986,ols,0.0,6.429272363739795e+18,3.6124003242022447,0.06516918126252859,0.004247022186428308,0.20304165149349962,1.3130896941071554e-05,p=160
1,5,500,160,0.1935873133509986,ols,0.0,8.013987686726375e+18,3.6362432680898165,0.06499825150147662,0.0042247726982492075,0.20445167490079677,1.29424456992739e-05,p=160
1,6,500,160,0.1935873133509986,ols,0.0,2.870965669806848e+20,3.5022126180540307,0.06457969322128812,0.004170536776555686,0.2042150544066001,1.361276757947099e-05,p=160
1,7,500,160,0.1935873133509986,ols,0.0,5.40941430197935e+18,3.675683399430555,0.06502530348181275,0.004228290092901849,0.20352408928605253,1.2581971940312486e-05,p=160
1,8,500,160,0.1935873133509986,ols,0.0,1.278972592319261e+19,3.5854954727192307,0.065244059008165,0.0042567872358609165,0.20365765983872156,1.2630772684390591e-05,p=160
1,9,500,160,0.1935873133509986,ols,0.0,1.8513633487747023e+20,3.5165295059005395,0.06489343790989573,0.0042111582837654924,0.2035489031108677,1.2372132519341613e-05,p=160
1,10,500,160,0.1935873133509986,ols,0.0,2.9247909786645043e+18,3.628250952068541,0.06476173441357494,0.004194082244254416,0.20405353431816423,1.3025609961197104e-05,p=160
1,11,500,160,0.1935873133509986,ols,0.0,3.8647566177335875e+18,3.4920325232077665,0.06458287392179073,0.004170947603997917,0.20397508881640528,1.3732113545528179e-05,p=160
1,12,500,160,0.1935873133509986,ols,0.0,2.7854138773071737e+19,3.7560940788770028,0.06557456441619307,0.004300023498373454,0.20424761961581056,1.3162491135674322e-05,p=160
1,13,500,160,0.1935873133509986,ols,0.0,1.867488415263175e+19,3.6032462724355074,0.06479593924154163,0.004198513742193555,0.20392943938979088,1.366623710688057e-05,p=160
1,14,500,160,0.1935873133509986,ols,0.0,6.348262276773598e+18,3.539248356151128,0.06413964307298727,0.004113893813530203,0.20411545984176582,1.2935264215186651e-05,p=160
1,15,500,160,0.1935873133509986,ols,0.0,7.496561626548434e+18,3.627593585644543,0.06510710796778556,0.004238935507928885,0.2047476255102754,1.3057366765876637e-05,p=160
1,16,500,160,0.1935873133509986,ols,0.0,8.126217297322794e+18,3.723986931757513,0.06493043116060013,0.004215960890701431,0.20397208362014008,1.279478798443109e-05,p=160
1,17,500,160,0.1935873133509986,ols,0.0,5.806851915759592e+19,3.630704513278912,0.064711957085214,0.004187637389798579,0.20395920817018284,1.3313414492652308e-05,p=160
1,18,500,160,0.1935873133509986,ols,0.0,1.103601820712036e+19,3.6672008082229444,0.06507674674253366,0.004234982966591866,0.20456991158375548,1.3553947072766055e-05,p=160
1,19,500,160,0.1935873133509986,ols,0.0,1.3470422635232123e+19,3.448804391049755,0.06335901215866684,0.0040143644217220924,0.2042148355440078,1.3085461655451813e-05,p=160
1,20,500,160,0.1935873133509986,ols,0.0,5.362635646923003e+18,3.6206087971403775,0.06510197894261739,0.004238267662244999,0.20461005818409916,1.3690856772302413e-05,p=160
1,21,500,160,0.1935873133509986,ols,0.0,2.853655330318049e+18,3.736936964280249,0.06563320336847431,0.0043077173844075075,0.20485596105790116,1.354825396294205e-05,p=160
1,22,500,160,0.1935873133509986,ols,0.0,1.602327497396074e+19,3.5695238316997,0.06394102477447432,0.004088454649209938,0.20426926712484605,1.298895122029216e-05,p=160
1,23,500,160,0.1935873133509986,ols,0.0,7.517443174100615e+18,3.419563475020127,0.06397008255573526,0.0040921714621875846,0.2038524673928042,1.3183266732753986e-05,p=160
1,24,500,160,0.1935873133509986,ols,0.0,6.768234520248087e+18,3.5504314988807875,0.06490072260520645,0.004212103794677955,0.20430510184015455,1.3078866574379247e-05,p=160
1,25,500,160,0.1935873133509986,ols,0.0,8.255193952572208e+19,3.4714830842011373,0.0643186627034564,0.004136890371960994,0.20481569292403332,1.234528123497896e-05,p=160
1,26,500,160,0.1935873133509986,ols,0.0,9.926756318183825e+18,3.663918762924918,0.06499719990844507,0.004224635995938372,0.20447870489903647,1.2813963923922382e-05,p=160
1,27,500,160,0.1935873133509986,ols,0.0,2.604607591937713e+18,3.469326248525093,0.06444163773187042,0.004152724673565625,0.20455286750351545,1.3024037309631475e-05,p=160
1,28,500,160,0.1935873133509986,ols,0.0,1.1515640847577512e+19,3.4495041203135743,0.06348095180293181,0.004029831241806152,0.20367743180412293,1.4001325698419645e-05,p=160
1,29,500,160,0.1935873133509986,ols,0.0,1.2097970318657395e+19,3.585647276659897,0.06529021403778494,0.004262812049099769,0.20465667309571106,1.2742567895469263e-05,p=160
1,30,500,160,0.1935873133509986,ols,0.0,3.7617388905414615e+18,3.607107973649576,0.06498115391222682,0.004222550363764511,0.20470524060302603,1.3561510082527294e-05,p=160
1,31,500,160,0.1935873133509986,ols,0.0,2.6809476981065114e+18,3.58151808770956,0.06413744257673953,0.004113611540284561,0.20395830219249306,1.2996761854154521e-05,p=160
1,32,500,160,0.1935873133509986,ols,0.0,1.3093303786072617e+19,3.5258265711994943,0.06419694558816028,0.004121247822849211,0.20363512830721098,1.2999993914553567e-05,p=160
1,33,500,160,0.1935873133509986,ols,0.0,8.457062599152738e+18,3.5433298227970145,0.06387850063717407,0.004080462843653448,0.20395782317351202,1.260572392859561e-05,p=160
1,34,500,160,0.1935873133509986,ols,0.0,2.6880532688171224e+20,3.5711703234971837,0.06517006769282307,0.004247137723087142,0.20410167160322798,1.3786837453939903e-05,p=160
1,35,500,160,0.1935873133509986,ols,0.0,4.928660326582377e+19,3.600007304158338,0.06415784082945805,0.004116228539898074,0.20379414789781908,1.2689562817135151e-05,p=160
1,36,500,160,0.1935873133509986,ols,0.0,2.076893089497472e+19,3.4933944054375887,0.06355099249029728,0.004038728646501821,0.20422505045920503,1.2992026795746057e-05,p=160
1,37,500,160,0.1935873133509986,ols,0.0,5.648363809322675e+18,3.495052966097595,0.06444798998156195,0.004153543412663509,0.20379106488707896,1.3419551202108485e-05,p=160
1,38,500,160,0.1935873133509986,ols,0.0,2.63330615307096e+19,3.676170479692554,0.06556556186279901,0.004298842902384523,0.20377154397200817,1.249278317451233e-05,p=160
1,39,500,160,0.1935873133509986,ols,0.0,4.308010625329359e+19,3.6109883152499016,0.06441423378238659,0.004149193513771953,0.20318261751912278,1.2692050765669746e-05,p=160
1,40,500,160,0.1935873133509986,ols,0.0,2.0734692612320256e+18,3.527559403341952,0.06445224660205336,0.004154092092051899,0.20411032019771147,1.3018246886671739e-05,p=160
1,41,500,160,0.1935873133509986,ols,0.0,7.535869904957652e+18,3.6794931074955137,0.06424140546778996,0.0041269581764769945,0.20358929350585622,1.2934366906859462e-05,p=160
1,42,500,160,0.1935873133509986,ols,0.0,3.002437056094319e+18,3.762277969447364,0.06576173464228592,0.004324605743162429,0.20595479450088366,1.387508093552529e-05,p=160
1,43,500,160,0.1935873133509986,ols,0.0,7.698163997196757e+18,3.6365944356062654,0.06491631779007301,0.004214128315421749,0.20433897841780876,1.2685569384474924e-05,p=160
1,44,500,160,0.1935873133509986,ols,0.0,7.589342801378958e+18,3.554068285604054,0.06492814389253253,0.0042156638693294085,0.2042358082936436,1.2660606757792773e-05,p=160
1,45,500,160,0.1935873133509986,ols,0.0,5.832451888514366e+18,3.6971223714045234,0.06511147736885395,0.004239504485154781,0.2046947518700702,1.2872665961991517e-05,p=160
1,46,500,160,0.1935873133509986,ols,0.0,3.160353769413305e+18,3.6776889166925786,0.06541796425333338,0.004279510047050403,0.20453753066961058,1.2933988926980256e-05,p=160
1,47,500,160,0.1935873133509986,ols,0.0,1.8926055867121193e+19,3.727744007598008,0.0647161088508665,0.004188174744797201,0.20468302174809105,1.2701058166191045e-05,p=160
1,48,500,160,0.1935873133509986,ols,0.0,1.2929579412557903e+20,3.4672267486198574,0.06387222397937425,0.004079660996071351,0.20329938360771221,1.3518455820992188e-05,p=160
1,49,500,160,0.1935873133509986,ols,0.0,1.489916948347634e+19,3.5272371602900217,0.06482850061152136,0.004202734491538025,0.20487199444769008,1.3146712323252394e-05,p=160
1,50,500,160,0.1935873133509986,ols,0.0,6.078156175913373e+18,3.6795756359069545,0.0651859313629971,0.004249205647661368,0.20519266014549487,1.3481321939520382e-05,p=160
1,51,500,160,0.1935873133509986,ols,0.0,2.3413395973887282e+20,3.663449202604201,0.06417156547320058,0.0041179898152812686,0.2038721995895934,1.342734173098011e-05,p=160
1,52,500,160,0.1935873133509986,ols,0.0,5.782885543415305e+18,3.437461510835458,0.06382082929290453,0.004073098251634061,0.2034795457836632,1.3200266023728202e-05,p=160
1,53,500,160,0.1935873133509986,ols,0.0,1.1016850563370154e+19,3.6303254480355918,0.06516496688996132,0.0042464729097697555,0.20390659677690742,1.3260717973051768e-05,p=160
1,54,500,160,0.1935873133509986,ols,0.0,2.4257721297168974e+19,3.574771098732829,0.06444429778346326,0.004153067516803687,0.20392627309298633,1.246191406261207e-05,p=160
1,55,500,160,0.1935873133509986,ols,0.0,1.4979442745390162e+19,3.5022157103225555,0.0641748883583913,0.004118416295811988,0.2035129406411163,1.3218028031441051e-05,p=160
1,56,500,160,0.1935873133509986,ols,0.0,9.875323548047124e+18,3.6668114644277034,0.06507914560425386,0.0042352951925796745,0.20452423602158562,1.3346668199071767e-05,p=160
1,57,500,160,0.1935873133509986,ols,0.0,8.795684932954492e+18,3.4991301347510864,0.06504383083199188,0.004230699929300777,0.20437620696090894,1.265139841081398e-05,p=160
1,58,500,160,0.1935873133509986,ols,0.0,2.009001546376949e+19,3.4640756747073294,0.06329388262527673,0.004006115577782307,0.20315416592353755,1.3239131665800804e-05,p=160
1,59,500,160,0.1935873133509986,ols,0.0,1.3488517369818964e+19,3.46423200347861,0.06434259300977392,0.004139969275221408,0.2035381195591191,1.391886854334525e-05,p=160
1,60,500,160,0.1935873133509986,ols,0.0,7.94099679868669e+18,3.6064540545338524,0.06505458476814714,0.004232098999356042,0.2046770248948559,1.3684824827550963e-05,p=160
1,61,500,160,0.1935873133509986,ols,0.0,2.956504138241642e+19,3.452472593302764,0.06401106495284724,0.0040974164363976285,0.20416809397560165,1.3516984841095745e-05,p=160
1,62,500,160,0.1935873133509986,ols,0.0,5.690437524869917e+18,3.6002496581169363,0.06473678331079065,0.004190851113428263,0.2036498337779286,1.3282941603910976e-05,p=160
1,63,500,160,0.1935873133509986,ols,0.0,8.847780377192739e+18,3.545421691354607,0.0647377690387291,0.004190978740111832,0.203557939635994,1.274709037526345e-05,p=160
1,64,500,160,0.1935873133509986,ols,0.0,6.954489144744353e+18,3.7426779907649244,0.06548668924301297,0.00428850646801095,0.20431441104653394,1.3116076727580433e-05,p=160
1,65,500,160,0.1935873133509986,ols,0.0,2.831141970150561e+19,3.5481042706275563,0.06459050196196371,0.004171932943698438,0.2039547448928549,1.339031669909441e-05,p=160
1,66,500,160,0.1935873133509986,ols,0.0,5.200390221830604e+18,3.549630940984508,0.06411415919042497,0.0041106254086951555,0.2035035120611899,1.3066048757768771e-05,p=160
1,67,500,160,0.1935873133509986,ols,0.0,7.271549650506463e+18,3.843290075216463,0.0654607607861033,0.004285111202695439,0.20502842917560732,1.3708912717537864e-05,p=160
1,68,500,160,0.1935873133509986,ols,0.0,3.359809885160924e+18,3.5390145036770946,0.06389582799757543,0.004082676835495744,0.2041346810013761,1.353338200749981e-05,p=160
1,69,500,160,0.1935873133509986,ols,0.0,6.456853681690788e+19,3.5961250961341045,0.06509979462908834,0.004237983260749478,0.20438274177491256,1.3548915824152691e-05,p=160
1,70,500,160,0.1935873133509986,ols,0.0,3.429110591582454e+18,3.677897749527079,0.06528482203465721,0.004262107988096863,0.20490632975024742,1.2738851739864613e-05,p=160
1,71,500,160,0.1935873133509986,ols,0.0,1.0785014432569577e+19,3.7681729057300752,0.06555860626148036,0.0042979308549478115,0.20457826455719955,1.3426106399189452e-05,p=160
1,72,500,160,0.1935873133509986,ols,0.0,2.7389703418398335e+19,3.6054476860183327,0.06437691863786561,0.004144387653306369,0.20456982165389806,1.3056846647271724e-05,p=160
1,73,500,160,0.1935873133509986,ols,0.0,4.84612080337211e+18,3.5956662265736954,0.06373653695388985,0.004062346142874566,0.20404689810811838,1.2365720960880793e-05,p=160
1,74,500,160,0.1935873133509986,ols,0.0,5.384385219760989e+18,3.5616218193699365,0.06352675785174597,0.004035648963154368,0.20396426353800115,1.3170668524845167e-05,p=160
1,75,500,160,0.1935873133509986,ols,0.0,4.179257263223766e+19,3.4996529745052443,0.0640504407078496,0.004102458954869758,0.20384709540269016,1.3558309683553972e-05,p=160
1,76,500,160,0.1935873133509986,ols,0.0,5.234581005406798e+18,3.62002566177517,0.06451681173817352,0.004162418996858924,0.20439958182355786,1.3582416064192146e-05,p=160
1,77,500,160,0.1935873133509986,ols,0.0,3.1585891524669046e+18,3.6212797702507866,0.06485786543778596,0.004206542709145951,0.20436979092594948,1.3241338453282123e-05,p=160
1,78,500,160,0.1935873133509986,ols,0.0,3.499005411445397e+19,3.633298610003348,0.06329871886997587,0.004006727810580239,0.2034638181472744,1.3088165100854797e-05,p=160
1,79,500,160,0.1935873133509986,ols,0.0,6.433988654433907e+18,3.4697748203361334,0.06403532075042473,0.004100522303609776,0.20499590076597707,1.2535833363806336e-05,p=160
1,80,500,160,0.1935873133509986,ols,0.0,3.671722994675206e+18,3.6933418150708253,0.06504589608621729,0.004230968597658978,0.20381054373209512,1.243181124834086e-05,p=160
1,81,500,160,0.1935873133509986,ols,0.0,2.145724604477779e+18,3.680656264370959,0.0651749523639073,0.004247774415637585,0.20491598854617363,1.3779485681281893e-05,p=160
1,82,500,160,0.1935873133509986,ols,0.0,3.835152312295485e+18,3.637368903752646,0.064706296786752,0.004186904843855232,0.2042360620062925,1.2931649212913384e-05,p=160
1,83,500,160,0.1935873133509986,ols,0.0,2.65879865379681e+18,3.40091784025548,0.06361977205556472,0.0040474753964020145,0.2025907315090249,1.2805141239590607e-05,p=160
1,84,500,160,0.1935873133509986,ols,0.0,2.2316075389262696e+19,3.553993205173541,0.06443306816325435,0.004151620272930581,0.20465985503954975,1.3437703002272484e-05,p=160
1,85,500,160,0.1935873133509986,ols,0.0,8.897999587926175e+18,3.652760620037938,0.06480427508394504,0.00419959406915562,0.20378618628425127,1.2637075465795482e-05,p=160
1,86,500,160,0.1935873133509986,ols,0.0,9.300217780238118e+19,3.5794237082317273,0.06334764424311626,0.00401292403115242,0.20325980963874402,1.2770547747713134e-05,p=160
1,87,500,160,0.1935873133509986,ols,0.0,4.444912102309236e+19,3.6799701114495647,0.0653395811218303,0.004269260861176244,0.20438832068331558,1.2583363234352943e-05,p=160
1,88,500,160,0.1935873133509986,ols,0.0,2.155081583713303e+18,3.5756577354193975,0.06528893251755515,0.00426264470928187,0.20458546898954802,1.3156248714023181e-05,p=160
1,89,500,160,0.1935873133509986,ols,0.0,1.5039724716018217e+18,3.615832168101633,0.06509025999314523,0.004236741945975243,0.20443695865083603,1.2465000252384788e-05,p=160
1,90,500,160,0.1935873133509986,ols,0.0,9.98660604656777e+18,3.6614894414562893,0.0659344179849178,0.004347347475009851,0.20367464693061293,1.2751227643793598e-05,p=160
1,91,500,160,0.1935873133509986,ols,0.0,5.495128481862847e+18,3.6747082874891674,0.06525474537064944,0.004258181793388296,0.20447389183649045,1.2678605582691824e-05,p=160
1,92,500,160,0.1935873133509986,ols,0.0,2.625212960680903e+18,3.599216463423279,0.06399382087670343,0.0040952091103996025,0.2037001475621595,1.3761787724259203e-05,p=160
1,93,500,160,0.1935873133509986,ols,0.0,7.055888624319113e+18,3.508108637267041,0.06408085579541381,0.00410635607947262,0.20461846650216536,1.2763464942909258e-05,p=160
1,94,500,160,0.1935873133509986,ols,0.0,1.545277526313041e+19,3.5480499077392222,0.0649092053498344,0.004213204939146969,0.20388025887195116,1.2848574308750638e-05,p=160
1,95,500,160,0.1935873133509986,ols,0.0,3.6517856082804214e+18,3.614606352653202,0.06450935808483868,0.004161457280517941,0.20347274134061166,1.3969314726180641e-05,p=160
1,96,500,160,0.1935873133509986,ols,0.0,1.5563720939331996e+19,3.650538393330546,0.06513068323967486,0.004242005899266864,0.2044369065586259,1.2812452522995154e-05,p=160
1,97,500,160,0.1935873133509986,ols,0.0,9.182041297718552e+18,3.5591004687701377,0.06485407660573374,0.0042060512523823795,0.20426498296304674,1.3366414204131477e-05,p=160
1,98,500,160,0.1935873133509986,ols,0.0,1.886081080515713e+19,3.6257249009208543,0.06523081045636347,0.004255058632794018,0.20470187882843532,1.2613641633847822e-05,p=160
1,99,500,160,0.1935873133509986,ols,0.0,6.368776303234233e+18,3.444569376200142,0.06400075540187763,0.00409609669201097,0.20337085881552233,1.250283285228389e-05,p=160
1,0,500,320,0.1935873133509986,ols,0.0,2.2614743642068808e+19,3.5310886491322204,0.06434206064493991,0.004139900768037125,0.20440550592109966,3.0332365355591956e-06,p=320
1,1,500,320,0.1935873133509986,ols,0.0,1.3688477015255413e+19,3.6371394264480137,0.0650222589957864,0.004227894164915125,0.20458762935405975,3.310994909456665e-06,p=320
1,2,500,320,0.1935873133509986,ols,0.0,1.4515569828221897e+19,3.622939103738156,0.06478818021352921,0.004197508295380737,0.20441210395187598,3.134772170587852e-06,p=320
1,3,500,320,0.1935873133509986,ols,0.0,1.376590746774124e+21,3.644531071794156,0.06484564872279375,0.004204958158279963,0.20407876416344276,3.019643067390779e-06,p=320
1,4,500,320,0.1935873133509986,ols,0.0,1.0572699204185506e+20,3.6866975945289147,0.06497921017564955,0.004222297755051237,0.2038848292946022,3.416062398740504e-06,p=320
1,5,500,320,0.1935873133509986,ols,0.0,8.049849758226576e+19,3.53023996299895,0.06512080058803818,0.004240718669227034,0.2036093440081914,3.2030391687141854e-06,p=320
1,6,500,320,0.1935873133509986,ols,0.0,3.7509586345795764e+19,3.551766181269205,0.06437558010899269,0.004144215314369335,0.204119801339174,3.169383962029641e-06,p=320
1,7,500,320,0.1935873133509986,ols,0.0,1.4143539387854442e+19,3.648130305700935,0.06561406087621476,0.004305204984667616,0.20450940240627463,3.1189084140594115e-06,p=320
1,8,500,320,0.1935873133509986,ols,0.0,1.5514827791313144e+19,3.624787696733873,0.06479604380798315,0.004198527293166072,0.20432118400695062,3.01317500977394e-06,p=320
1,9,500,320,0.1935873133509986,ols,0.0,6.268132370692499e+18,3.5765506789955475,0.06449970360735857,0.004160211765437104,0.20426191851524475,3.208291283814439e-06,p=320
1,10,500,320,0.1935873133509986,ols,0.0,1.3028120551862936e+19,3.5708035225651655,0.06456446391684116,0.004168570000869085,0.2040201348336927,3.108839069109975e-06,p=320
1,11,500,320,0.1935873133509986,ols,0.0,3.598670357778828e+19,3.5324089494498514,0.06451891421901125,0.0041626902920001325,0.20472078318517953,3.3340007887629853e-06,p=320
1,12,500,320,0.1935873133509986,ols,0.0,1.0303803029896321e+20,3.6509345370895336,0.06474609614526758,0.0041920569660522326,0.20423441814445148,3.098412664076643e-06,p=320
1,13,500,320,0.1935873133509986,ols,0.0,1.6510962846436293e+19,3.5600742742103297,0.06430225936437338,0.004134780559363145,0.2034852074504014,3.3279702638966165e-06,p=320
1,14,500,320,0.1935873133509986,ols,0.0,1.346603990474493e+19,3.523749825392705,0.06442263830094243,0.004150276325654054,0.2048984062730736,3.1755190376142334e-06,p=320
1,15,500,320,0.1935873133509986,ols,0.0,1.4619340828912194e+19,3.698611179050383,0.0651546029749232,0.004245122288819871,0.2042234342117465,3.2358577776249268e-06,p=320
1,16,500,320,0.1935873133509986,ols,0.0,5.384492651776956e+18,3.638286399754407,0.06433021733232915,0.004138376862024702,0.20357145632607587,3.1071647005009534e-06,p=320
1,17,500,320,0.1935873133509986,ols,0.0,1.7618019528656656e+19,3.722108497684941,0.0650907316253135,0.004236803343518587,0.20421345457158982,3.0926845462795337e-06,p=320
1,18,500,320,0.1935873133509986,ols,0.0,1.5714605987263633e+19,3.5581101214282156,0.06458289711303823,0.0041709505995132816,0.2034854567586612,3.3163177314821353e-06,p=320
1,19,500,320,0.1935873133509986,ols,0.0,1.2913078047020986e+20,3.5925452060605094,0.06453788222437509,0.004165138242007311,0.2035794998508391,3.271653339722541e-06,p=320
1,20,500,320,0.1935873133509986,ols,0.0,2.0258855927705264e+19,3.5510323791982206,0.06511364166131318,0.0042397863303979,0.2038972895794621,3.108235594959584e-06,p=320
1,21,500,320,0.1935873133509986,ols,0.0,3.9620269615412175e+19,3.5750980841634914,0.06452953675857381,0.0041640611142761295,0.20366614971805083,3.1419056627312685e-06,p=320
1,22,500,320,0.1935873133509986,ols,0.0,7.333717111315909e+19,3.5251545491257206,0.06457601215425439,0.004170061345746411,0.20413576605200642,2.955517539860062e-06,p=320
1,23,500,320,0.1935873133509986,ols,0.0,1.5086027523109782e+19,3.434521810917929,0.06325847784072226,0.004001635018725149,0.2036581096873173,3.419063719975829e-06,p=320
1,24,500,320,0.1935873133509986,ols,0.0,3.8650863976113816e+19,3.431604527748175,0.06428193433639862,0.004132167082029063,0.20401113642597715,3.205508168523492e-06,p=320
1,25,500,320,0.1935873133509986,ols,0.0,2.5461854313402253e+19,3.52832261429683,0.06565428358363594,0.004310484952880488,0.20431837764233143,3.4248448664654706e-06,p=320
1,26,500,320,0.1935873133509986,ols,0.0,5.018453806588973e+19,3.64935622197695,0.06457839588172784,0.004170369214657163,0.20376160088871542,3.1168262390028e-06,p=320
1,27,500,320,0.1935873133509986,ols,0.0,5.542244788645409e+19,3.57794800638566,0.06432638322757613,0.004137883579140988,0.20439928364810045,3.2667502880245863e-06,p=320
1,28,500,320,0.1935873133509986,ols,0.0,2.256591289660137e+19,3.5971926786116484,0.06378846537182281,0.004068968314492239,0.2036656775362616,2.9988833194830976e-06,p=320
1,29,500,320,0.1935873133509986,ols,0.0,3.0303123954615267e+19,3.6143244061893616,0.06465765282529336,0.004180612068876166,0.20436276361601877,3.0666365870960292e-06,p=320
1,30,500,320,0.1935873133509986,ols,0.0,1.0974547678674823e+19,3.6413712236938895,0.06500111266890231,0.004225144648195333,0.20394704082871196,3.192406922751684e-06,p=320
1,31,500,320,0.1935873133509986,ols,0.0,1.3371914502419466e+19,3.707582758599461,0.06514365161670677,0.004243695345958862,0.2046105185858488,3.1202715906929387e-06,p=320
1,32,500,320,0.1935873133509986,ols,0.0,2.2527659362782605e+19,3.649367112518628,0.06445323530324615,0.004154219541055616,0.2040242405525564,3.349637073491037e-06,p=320
1,33,500,320,0.1935873133509986,ols,0.0,4.855861734308567e+19,3.5622807630369264,0.06439425760288978,0.004146620412227327,0.20430108885933077,3.2437359124796373e-06,p=320
1,34,500,320,0.1935873133509986,ols,0.0,1.5433303607482827e+19,3.6886302744678283,0.06530743360375617,0.004265060883909021,0.20426308151720188,3.2722841744290933e-06,p=320
1,35,500,320,0.1935873133509986,ols,0.0,6.862965170035933e+19,3.5920662170223085,0.06481755347372258,0.004201315238318885,0.2043097185606102,3.170057819273985e-06,p=320
1,36,500,320,0.1935873133509986,ols,0.0,1.8302479901914157e+19,3.5940663991089044,0.06460245987301062,0.004173477821643948,0.20427839679478813,3.1461808654206954e-06,p=320
1,37,500,320,0.1935873133509986,ols,0.0,1.4221581691801123e+19,3.5769488765634607,0.06450743678768274,0.004161209400916885,0.20458858533720733,3.0739936171859565e-06,p=320
1,38,500,320,0.1935873133509986,ols,0.0,2.2755800598222803e+19,3.6961500913801757,0.06480325533940344,0.004199461902583921,0.20492148358133322,3.1975049191542803e-06,p=320
1,39,500,320,0.1935873133509986,ols,0.0,3.0967086244145172e+19,3.5343909516837515,0.06409295528086723,0.004107906916635247,0.2042307346350775,3.088913724630567e-06,p=320
1,40,500,320,0.1935873133509986,ols,0.0,3.211600900800678e+19,3.553689498944579,0.06449594697841654,0.004159727176642718,0.204053643942561,3.2154238655324257e-06,p=320
1,41,500,320,0.1935873133509986,ols,0.0,9.22948278916697e+18,3.6824681465436764,0.06481348054745273,0.004200787260675034,0.20442832608655698,3.279884178580741e-06,p=320
1,42,500,320,0.1935873133509986,ols,0.0,1.6645526355116761e+19,3.661783355949449,0.06521513250099467,0.004253013507122292,0.20395468710725814,3.3676726032833903e-06,p=320
1,43,500,320,0.1935873133509986,ols,0.0,2.854619698302681e+19,3.6147119617066075,0.06518411192301778,0.0042489684471925075,0.20432443732814165,3.1103922937388044e-06,p=320
1,44,500,320,0.1935873133509986,ols,0.0,6.172541603117759e+19,3.563791010962368,0.06438702156236797,0.004145688545672838,0.2046056743739087,3.2177948876447137e-06,p=320
1,45,500,320,0.1935873133509986,ols,0.0,7.36984444219782e+19,3.679034739879307,0.06612869786103938,0.004373004680796633,0.20438620010264535,3.461678405349681e-06,p=320
1,46,500,320,0.1935873133509986,ols,0.0,2.3156860367204083e+20,3.5370927677527777,0.06480797031705476,0.004200073016616251,0.20386815981875,3.218608621108923e-06,p=320
1,47,500,320,0.1935873133509986,ols,0.0,3.577393846445503e+19,3.7949899716333424,0.06589573923098357,0.004342248448797787,0.20498560932513363,3.190873734828861e-06,p=320
1,48,500,320,0.1935873133509986,ols,0.0,2.9171886071162814e+19,3.487853839438194,0.06388846675896256,0.004081736184811064,0.20374447216445335,3.1346986563504785e-06,p=320
1,49,500,320,0.1935873133509986,ols,0.0,3.422708963633811e+20,3.566807131667961,0.06497856327315417,0.0042222136850433006,0.2038981990481833,3.368165017458486e-06,p=320
1,50,500,320,0.1935873133509986,ols,0.0,1.4235868336683534e+19,3.754891641926873,0.06522033323196708,0.004253691866888829,0.20413422302429093,3.2819048778762942e-06,p=320
1,51,500,320,0.1935873133509986,ols,0.0,2.558671118960178e+19,3.6055407293492756,0.0641239729983377,0.0041118839130915436,0.2046316719162331,3.1517067318590454e-06,p=320
1,52,500,320,0.1935873133509986,ols,0.0,1.566112590649123e+20,3.602186390762999,0.06389429153912862,0.004082480491287164,0.20436230848991116,3.0331643440197963e-06,p=320
1,53,500,320,0.1935873133509986,ols,0.0,8.626228244326807e+18,3.5972071372862335,0.06459729819084198,0.004172810933556557,0.20423366510525087,3.2387696398489742e-06,p=320
1,54,500,320,0.1935873133509986,ols,0.0,4.493297870647685e+19,3.5794249409710623,0.06419295542746635,0.004120735526512681,0.2036018608887237,3.059213152503529e-06,p=320
1,55,500,320,0.1935873133509986,ols,0.0,8.668558275578205e+19,3.4783687154581795,0.06336094006406014,0.004014608725801421,0.20450041518952028,3.2895233328707308e-06,p=320
1,56,500,320,0.1935873133509986,ols,0.0,1.0518029677799554e+21,3.743069141266958,0.06430251878512855,0.004134813922111811,0.203756148138106,3.164290524404931e-06,p=320
1,57,500,320,0.1935873133509986,ols,0.0,1.0573924803398767e+20,3.495020750240485,0.06406959929980333,0.004104913554437359,0.2033746622232301,3.2473672361867184e-06,p=320
1,58,500,320,0.1935873133509986,ols,0.0,1.434023497446913e+20,3.51892361370606,0.06450724788853338,0.004161185030152694,0.20360805233488857,3.3552145262035535e-06,p=320
1,59,500,320,0.1935873133509986,ols,0.0,7.237628474283709e+18,3.560477870088058,0.06463535107903431,0.0041777286091100214,0.20405050002463526,3.16569810533673e-06,p=320
1,60,500,320,0.1935873133509986,ols,0.0,2.4173769863015203e+19,3.644407537787263,0.06417062842499847,0.004117869552459223,0.20353396101751148,3.162091833449873e-06,p=320
1,61,500,320,0.1935873133509986,ols,0.0,3.990766798092117e+19,3.516877069616284,0.0646022252947417,0.004173447513032565,0.2040915599269033,3.2163010202337827e-06,p=320
1,62,500,320,0.1935873133509986,ols,0.0,1.7787048126677264e+19,3.552053447038119,0.06403543808095671,0.004100537330220042,0.20312569325495747,3.2999618042460594e-06,p=320
1,63,500,320,0.1935873133509986,ols,0.0,3.9914028824666096e+19,3.5699427621395485,0.06458704286255289,0.004171486105729244,0.2035649879313858,3.2140110432820632e-06,p=320
1,64,500,320,0.1935873133509986,ols,0.0,7.897775979316321e+20,3.634621814449586,0.06532597456325302,0.004267482952638781,0.20381863142421208,3.1865931539780183e-06,p=320
1,65,500,320,0.1935873133509986,ols,0.0,9.990823428692666e+18,3.57628866809684,0.06462596461779177,0.004176515302780073,0.20433327861589204,3.2974802561472246e-06,p=320
1,66,500,320,0.1935873133509986,ols,0.0,2.3630095171823153e+19,3.686375405169665,0.06450504136143846,0.004160900361040886,0.20434127214864092,3.161086077134101e-06,p=320
1,67,500,320,0.1935873133509986,ols,0.0,5.3769180876080005e+19,3.665690987174141,0.06538044435420624,0.004274602503953459,0.20487677181636094,3.2406840277643248e-06,p=320
1,68,500,320,0.1935873133509986,ols,0.0,1.2274764407506838e+19,3.531232584221394,0.06441520068957725,0.004149318079878513,0.20338655189948426,3.12930657516065e-06,p=320
1,69,500,320,0.1935873133509986,ols,0.0,3.2408665543464227e+19,3.512639125176989,0.06470783825272398,0.00418710433134069,0.20433118572515516,3.2529921036274374e-06,p=320
1,70,500,320,0.1935873133509986,ols,0.0,7.0476409943943684e+19,3.6735649759558155,0.06552397341361607,0.004293391091908266,0.20476239114085124,3.165569798651271e-06,p=320
1,71,500,320,0.1935873133509986,ols,0.0,1.124442002179272e+19,3.6470506079437746,0.06512307611973889,0.004241015043297306,0.20464179705175306,3.3878007739993436e-06,p=320
1,72,500,320,0.1935873133509986,ols,0.0,2.723448983275543e+19,3.5242745584264616,0.06380388662565652,0.00407093594853963,0.20385970615702548,3.086747061008384e-06,p=320
1,73,500,320,0.1935873133509986,ols,0.0,2.2761581633440895e+19,3.461404760749611,0.06411353497710148,0.004110545367260015,0.2045417237506661,3.081330563038725e-06,p=320
1,74,500,320,0.1935873133509986,ols,0.0,5.978965925475864e+19,3.5690975041255966,0.06416811908837367,0.004117547507339704,0.2034760125944479,3.276568245827193e-06,p=320
1,75,500,320,0.1935873133509986,ols,0.0,8.100625308331894e+18,3.5671026133924637,0.06556222052288649,0.004298404759891599,0.20408918168624995,3.0892077221113533e-06,p=320
1,76,500,320,0.1935873133509986,ols,0.0,4.181571254075229e+19,3.5847904222342253,0.06429651402531368,0.0041340417158073585,0.20433380051195982,3.142516020818929e-06,p=320
1,77,500,320,0.1935873133509986,ols,0.0,4.301327747136283e+19,3.619133916222213,0.06508586945236307,0.004236170402370049,0.20463391437613215,3.320803722282029e-06,p=320
1,78,500,320,0.1935873133509986,ols,0.0,3.9800469301113405e+19,3.5070387426728575,0.0640041141513205,0.004096526628295264,0.2038080391151141,3.073224619278239e-06,p=320
1,79,500,320,0.1935873133509986,ols,0.0,7.982386409928395e+18,3.6352734400669737,0.06489703662539473,0.004211625362757824,0.20414276056506467,3.074346908567679e-06,p=320
1,80,500,320,0.1935873133509986,ols,0.0,4.3912407942014796e+19,3.572054500537249,0.06526190907815661,0.00425911677652558,0.20452990242996902,3.2334849448323103e-06,p=320
1,81,500,320,0.1935873133509986,ols,0.0,1.1202876006426356e+19,3.621435775095803,0.06552756011925011,0.004293861135181937,0.2044439246975662,3.2258860261323686e-06,p=320
1,82,500,320,0.1935873133509986,ols,0.0,1.288991893698466e+20,3.6130360530089285,0.06479814418341422,0.004198799489614538,0.20460031203020973,3.31285499605882e-06,p=320
1,83,500,320,0.1935873133509986,ols,0.0,2.112286460487678e+20,3.4115317577066633,0.06323745228089109,0.003998975370977978,0.20348103543775298,3.0389163528239893e-06,p=320
1,84,500,320,0.1935873133509986,ols,0.0,1.0255174562384061e+21,3.5727129439664993,0.06469028239995189,0.004184832636985525,0.20415203613581862,3.0946930493105467e-06,p=320
1,85,500,320,0.1935873133509986,ols,0.0,2.5481996801775413e+20,3.6283930649387797,0.06481247327766403,0.004200656692367913,0.20376572738000406,3.3645955553620363e-06,p=320
1,86,500,320,0.1935873133509986,ols,0.0,1.4952768712171928e+19,3.5666057177249892,0.06413615365555218,0.0041134462057286,0.20341439178558018,3.2598346292319048e-06,p=320
1,87,500,320,0.1935873133509986,ols,0.0,2.6803594372495487e+19,3.5294743891518805,0.06461999318794445,0.004175743519609987,0.20435836033575666,3.231761115053527e-06,p=320
1,88,500,320,0.1935873133509986,ols,0.0,1.534084190984779e+19,3.52118593472503,0.06452005634264334,0.004162837670457871,0.20432586656825302,3.368742239182472e-06,p=320
1,89,500,320,0.1935873133509986,ols,0.0,2.609523507832056e+19,3.5188727813375307,0.06415186106194104,0.004115461277710587,0.20444639755901103,3.3204021870538755e-06,p=320
1,90,500,320,0.1935873133509986,ols,0.0,1.3572971082415212e+20,3.4550029633656107,0.06365187848334268,0.0040515616344582225,0.20328547723745294,3.194756787938808e-06,p=320
1,91,500,320,0.1935873133509986,ols,0.0,1.3796428894594318e+19,3.696433910026398,0.06507607647838938,0.004234895729821184,0.20390120803301862,3.2491605924395406e-06,p=320
1,92,500,320,0.1935873133509986,ols,0.0,3.4222586751362146e+19,3.6029632754136593,0.06490061288795781,0.004212089553232557,0.2044053708538584,3.351783096793466e-06,p=320
1,93,500,320,0.1935873133509986,ols,0.0,2.857653455954702e+19,3.5458706113681884,0.06457689879544082,0.004170175858036605,0.2043482572727085,3.066155584676833e-06,p=320
1,94,500,320,0.1935873133509986,ols,0.0,2.940329871806806e+20,3.6071761953139854,0.06483260009174338,0.004203266034655925,0.20447980510123334,3.2484104601362596e-06,p=320
1,95,500,320,0.1935873133509986,ols,0.0,1.3621616468764959e+19,3.4992050992145414,0.06405516663732957,0.0041030643729360605,0.2041089085816157,3.0881273528664806e-06,p=320
1,96,500,320,0.1935873133509986,ols,0.0,2.4241919559345873e+19,3.646987278481987,0.06486571111348596,0.004207560478258216,0.2042847863155741,3.045752935317995e-06,p=320
1,97,500,320,0.1935873133509986,ols,0.0,3.627570253498881e+19,3.608436167154319,0.0654669560307301,0.004285922331929549,0.2041857647473218,3.208098775943628e-06,p=320
1,98,500,320,0.1935873133509986,ols,0.0,3.5497317138454413e+20,3.644219345263882,0.06547194669707353,0.004286575804304436,0.20381392401830267,3.216454217416107e-06,p=320
1,99,500,320,0.1935873133509986,ols,0.0,4.7341365884422545e+19,3.57581074252156,0.06459817989913015,0.004172924846280382,0.20323263860914748,3.209120145582795e-06,p=320
